date,home_team,away_team,home_goals,away_goals,home_form_points_avg,home_form_goals_scored_avg,home_form_goals_conceded_avg,away_form_points_avg,away_form_goals_scored_avg,away_form_goals_conceded_avg,home_returning_from_break,away_returning_from_break,home_days_since_last_match,away_days_since_last_match,h2h_matches_found,h2h_home_win_rate,dc_home_win,dc_draw,dc_away_win,dc_over_2_5,dc_under_2_5
2019-01-09,Strasbourg,Monaco,2,2,,,,,,,0,0,,,0,,,,,,
2019-01-09,Marseille,St Etienne,1,0,,,,,,,0,0,,,0,,,,,,
2019-01-09,Rennes,Nice,1,2,,,,,,,0,0,,,0,,,,,,
2019-01-09,Reims,Lille,2,0,,,,,,,0,0,,,0,,,,,,
2019-01-11,Dijon,Paris SG,2,1,,,,,,,0,0,,,0,,,,,,
2019-01-12,Nantes,Toulouse,2,1,,,,,,,0,0,,,0,,,,,,
2019-01-12,Rennes,St Etienne,2,1,0.0,1.0,2.0,0.0,0.0,1.0,0,0,3.0,3.0,0,,,,,,
2019-02-11,Metz,Montpellier,2,2,,,,,,,0,0,,,0,,,,,,
2019-02-11,Amiens,Brest,1,0,,,,,,,0,0,,,0,,,,,,
2019-02-11,Angers,Strasbourg,1,0,,,,1.0,2.0,2.0,0,0,,33.0,0,,,,,,
2019-02-11,Toulouse,Lyon,2,3,0.0,1.0,2.0,,,,0,0,30.0,,0,,,,,,
2019-02-11,Marseille,Lille,2,1,3.0,1.0,0.0,0.0,0.0,2.0,0,0,33.0,33.0,0,,,,,,
2019-03-11,Bordeaux,Nantes,2,0,,,,3.0,2.0,1.0,0,0,,58.0,0,,,,,,
2019-03-11,St Etienne,Monaco,1,0,0.0,0.5,1.5,1.0,2.0,2.0,0,0,58.0,61.0,0,,,,,,
2019-03-11,Nice,Reims,2,0,3.0,2.0,1.0,3.0,2.0,0.0,0,0,61.0,61.0,0,,,,,,
2019-03-12,Lyon,Lille,0,1,3.0,3.0,2.0,0.0,0.5,2.0,0,0,29.0,29.0,0,,,,,,
2019-03-12,Brest,Strasbourg,5,0,0.0,0.0,1.0,0.5,1.0,1.5,0,0,29.0,29.0,0,,,,,,
2019-03-12,Bordeaux,Nimes,6,0,3.0,2.0,0.0,,,,0,0,1.0,,0,,,,,,
2019-03-12,Angers,Marseille,0,2,3.0,1.0,0.0,3.0,1.5,0.5,0,0,29.0,29.0,0,,,,,,
2019-04-10,Amiens,Marseille,3,1,3.0,1.0,0.0,3.0,1.6666666666666667,0.3333333333333333,0,0,58.0,29.0,0,,,,,,
2019-04-12,Paris SG,Nantes,2,0,0.0,1.0,2.0,1.5,1.0,1.5,1,0,90.0,32.0,0,,,,,,
2019-04-12,Toulouse,Monaco,1,2,0.0,1.5,2.5,0.5,1.0,1.5,0,0,60.0,32.0,0,,,,,,
2019-04-12,Dijon,Montpellier,2,2,3.0,2.0,1.0,1.0,2.0,2.0,1,0,90.0,60.0,0,,,,,,
2019-04-12,St Etienne,Nice,4,1,1.0,0.6666666666666666,1.0,3.0,2.0,0.5,0,0,32.0,32.0,0,,,,,,
2019-04-12,Metz,Rennes,0,1,1.0,2.0,2.0,1.5,1.5,1.5,0,0,60.0,90.0,0,,,,,,
2019-05-10,Nantes,Nice,1,0,1.0,0.6666666666666666,1.6666666666666667,2.0,1.6666666666666667,1.6666666666666667,0,0,28.0,28.0,0,,,,,,
2019-05-10,Toulouse,Bordeaux,1,3,0.0,1.3333333333333333,2.3333333333333335,3.0,4.0,0.0,0,0,28.0,59.0,0,,,,,,
2019-05-10,Montpellier,Monaco,3,1,1.0,2.0,2.0,1.3333333333333333,1.3333333333333333,1.3333333333333333,0,0,28.0,28.0,0,,,,,,
2019-05-10,Dijon,Strasbourg,1,0,2.0,2.0,1.5,0.3333333333333333,0.6666666666666666,2.6666666666666665,0,0,28.0,59.0,0,,,,,,
2019-05-10,Brest,Metz,2,0,1.5,2.5,0.5,0.5,1.0,1.5,0,0,59.0,28.0,0,,,,,,
2019-05-10,Paris SG,Angers,4,0,1.5,1.5,1.0,1.5,0.5,1.0,0,0,28.0,59.0,0,,,,,,
2019-06-10,Rennes,Reims,0,1,2.0,1.3333333333333333,1.0,1.5,1.0,1.0,0,1,59.0,90.0,0,,,,,,
2019-06-10,Lille,Nimes,2,2,1.0,0.6666666666666666,1.3333333333333333,0.0,0.0,6.0,0,0,90.0,90.0,0,,,,,,
2019-06-10,St Etienne,Lyon,1,0,1.5,1.5,1.0,1.5,1.5,1.5,0,0,59.0,90.0,0,,,,,,
2019-06-12,Nimes,Lyon,0,4,0.5,1.0,4.0,1.0,1.0,1.3333333333333333,0,0,2.0,2.0,0,,,,,,
2019-06-12,Lille,Brest,1,0,1.0,1.0,1.5,2.0,2.3333333333333335,0.3333333333333333,0,0,2.0,33.0,0,,,,,,
2019-07-12,Nice,Metz,4,1,1.5,1.25,1.5,0.3333333333333333,0.6666666666666666,1.6666666666666667,0,0,63.0,63.0,0,,,,,,
2019-07-12,Monaco,Amiens,3,0,1.0,1.25,1.75,3.0,2.0,0.5,0,1,63.0,90.0,0,,,,,,
2019-07-12,Rennes,Angers,2,1,1.5,1.0,1.0,1.0,0.3333333333333333,2.0,0,0,32.0,63.0,0,,,,,,
2019-07-12,Montpellier,Paris SG,1,3,1.6666666666666667,2.3333333333333335,1.6666666666666667,2.0,2.3333333333333335,0.6666666666666666,0,0,63.0,63.0,0,,,,,,
2019-07-12,Strasbourg,Toulouse,4,2,0.25,0.5,2.25,0.0,1.25,2.5,0,0,63.0,63.0,0,,,,,,
2019-08-11,Nice,Bordeaux,1,1,1.8,1.8,1.4,3.0,3.6666666666666665,0.3333333333333333,0,1,30.0,90.0,0,,,,,,
2019-08-12,Marseille,Bordeaux,3,1,2.25,1.5,1.0,2.5,3.0,0.5,1,0,90.0,1.0,0,,,,,,
2019-08-12,Nantes,Dijon,1,0,1.5,0.75,1.25,2.3333333333333335,1.6666666666666667,1.0,1,1,90.0,90.0,0,,,,,,
2019-08-12,Reims,St Etienne,3,1,2.0,1.0,0.6666666666666666,1.8,1.4,0.8,0,0,63.0,63.0,0,,,,,,
2019-09-08,Monaco,Lyon,0,3,1.4,1.6,1.4,1.5,1.75,1.0,0,0,58.0,88.0,0,,,,,,
2019-09-11,Lille,Metz,0,0,1.4,1.0,1.2,0.25,0.75,2.25,1,0,90.0,61.0,0,,,,,,
2019-09-11,Monaco,Dijon,1,0,1.2,1.2,1.6,1.75,1.25,1.0,0,0,3.0,30.0,0,,,,,,
2019-09-11,Reims,Angers,0,0,2.25,1.5,0.75,0.75,0.5,2.0,0,0,30.0,61.0,0,,,,,,
2019-09-11,Brest,Paris SG,1,2,1.5,1.75,0.5,2.25,2.5,0.75,1,0,90.0,61.0,0,,,,,,
2019-09-11,Strasbourg,Nimes,4,1,0.8,1.2,2.2,0.3333333333333333,0.6666666666666666,4.0,0,1,61.0,90.0,0,,,,,,
2019-10-08,Nice,Amiens,2,1,1.4,1.6,1.4,2.0,1.3333333333333333,1.3333333333333333,0,0,58.0,88.0,0,,,,,,
2019-10-08,Montpellier,Rennes,0,1,1.25,2.0,2.0,1.8,1.2,1.0,0,0,88.0,88.0,0,,,,,,
2019-10-08,Dijon,St Etienne,1,2,1.4,1.0,1.0,1.8,1.6,1.2,0,0,27.0,57.0,0,,,,,,
2019-10-08,Brest,Toulouse,1,1,1.2,1.6,0.8,0.0,1.4,2.8,0,0,27.0,88.0,0,,,,,,
2019-10-08,Angers,Bordeaux,3,1,0.8,0.4,1.6,2.0,2.6,1.0,0,0,27.0,57.0,0,,,,,,
2019-10-08,Marseille,Reims,0,2,2.4,1.8,1.0,2.0,1.2,0.6,0,0,57.0,27.0,0,,,,,,
2019-10-11,Rennes,Amiens,3,1,2.4,1.2,0.6,1.5,1.25,1.5,0,0,3.0,3.0,0,,,,,,
2019-10-11,Nantes,St Etienne,2,3,1.8,0.8,1.0,2.4,1.8,1.0,0,0,60.0,3.0,0,,,,,,
2019-10-11,Montpellier,Toulouse,3,0,1.0,1.6,1.8,0.2,1.4,2.6,0,0,3.0,3.0,0,,,,,,
2019-10-11,Marseille,Lyon,2,1,1.8,1.6,1.4,1.8,2.0,0.8,0,0,3.0,33.0,0,,,,,,
2019-11-08,Paris SG,Nimes,3,0,2.4,2.4,0.8,0.25,0.75,4.0,0,0,58.0,58.0,0,,,,,,
2019-11-08,Strasbourg,Metz,1,1,1.2,1.6,2.0,0.4,0.6,1.8,0,0,58.0,58.0,0,,,,,,
2019-11-08,Lille,Nantes,2,1,1.6,1.0,0.8,1.2,0.8,1.4,0,0,58.0,28.0,0,,,,,,
2020-01-02,Angers,Reims,1,4,0.8,0.8,1.8,2.0,1.2,0.6,0,0,86.0,86.0,1,0.5,,,,,
2020-01-02,Amiens,Toulouse,0,0,1.2,1.2,1.8,0.2,1.0,2.6,0,0,83.0,83.0,0,,,,,,
2020-01-02,Paris SG,Montpellier,5,0,3.0,2.8,0.4,1.4,1.8,1.4,0,0,55.0,83.0,1,1.0,,,,,
2020-01-02,Strasbourg,Lille,1,2,1.4,1.8,2.0,2.2,1.2,0.6,0,0,55.0,55.0,0,,,,,,
2020-01-02,Nimes,Monaco,3,1,0.2,0.6,3.8,1.8,1.4,1.4,0,1,55.0,90.0,0,,,,,,
2020-01-02,Dijon,Brest,3,0,0.8,0.8,1.2,1.4,1.8,0.8,0,0,86.0,86.0,0,,,,,,
2020-01-03,Lyon,St Etienne,2,0,1.2,1.6,0.8,2.4,2.2,1.4,0,0,84.0,84.0,1,0.0,,,,,
2020-01-03,Bordeaux,Nice,1,1,1.4,2.4,1.6,1.4,1.6,1.6,0,0,87.0,87.0,1,0.5,,,,,
2020-01-03,Nantes,Lille,0,1,1.2,1.0,1.4,2.2,1.4,0.8,0,0,56.0,1.0,1,0.0,,,,,
2020-01-11,St Etienne,Montpellier,0,1,1.8,1.4,1.6,1.2,1.4,2.0,0,0,8.0,9.0,0,,,,,,
2020-01-11,Nimes,Metz,0,1,0.8,1.2,2.8,0.4,0.4,1.6,0,0,9.0,64.0,0,,,,,,
2020-01-11,Reims,Strasbourg,2,1,2.6,2.0,0.4,1.4,2.0,1.4,0,0,9.0,9.0,0,,,,,,
2020-01-11,Monaco,Bordeaux,4,0,1.2,1.2,1.8,1.0,1.4,1.8,0,0,9.0,8.0,0,,,,,,
2020-01-11,Dijon,Lorient,0,0,1.2,1.0,0.8,,,,0,0,9.0,,0,,,,,,
2020-01-11,Angers,Nice,0,3,0.8,1.0,2.2,1.6,1.6,1.0,0,0,9.0,8.0,0,,,,,,
2020-01-11,Lille,Lyon,1,1,2.6,1.2,0.4,1.8,2.0,0.6,0,0,8.0,8.0,1,1.0,,,,,
2020-02-02,Nice,Lyon,2,1,2.2,2.2,0.8,2.0,2.2,0.6,0,0,22.0,22.0,0,,,,,,
2020-02-02,Metz,St Etienne,3,1,1.0,0.6,1.4,1.2,1.2,1.8,0,0,22.0,22.0,0,,,,,,
2020-02-02,Bordeaux,Marseille,0,0,0.4,0.8,2.4,1.8,1.6,1.4,0,1,22.0,90.0,1,0.0,,,,,
2020-02-10,Paris SG,Angers,6,1,3.0,3.4,0.4,0.8,1.0,2.0,0,0,39.0,30.0,1,1.0,,,,,
2020-03-10,Nice,Nantes,2,1,2.2,1.8,0.8,1.2,1.0,1.2,0,0,37.0,67.0,1,0.0,,,,,
2020-03-10,Lens,St Etienne,2,0,,,,1.2,1.2,1.8,0,0,,37.0,0,,,,,,
2020-04-02,Nantes,Paris SG,1,2,0.6,1.0,1.6,3.0,3.8,0.6,0,0,23.0,52.0,1,0.0,,,,,
2020-04-02,Lille,Rennes,1,0,2.2,1.2,0.6,2.4,1.4,0.6,0,1,82.0,90.0,0,,,,,,
2020-04-02,Monaco,Angers,1,0,1.8,1.8,1.2,0.8,1.0,2.8,0,0,82.0,52.0,0,,,,,,
2020-04-10,Bordeaux,Dijon,3,0,0.4,0.6,2.2,0.8,0.8,0.8,0,0,68.0,90.0,0,,,,,,
2020-04-10,Lyon,Marseille,1,1,1.4,1.6,1.0,1.4,1.2,1.4,0,0,68.0,68.0,1,0.0,,,,,
2020-04-10,Rennes,Reims,2,2,1.8,1.2,0.8,2.6,2.2,0.6,0,0,8.0,90.0,1,0.0,,,,,
2020-04-10,Strasbourg,Lille,0,3,1.4,2.2,1.6,2.6,1.4,0.6,0,0,90.0,8.0,1,0.0,,,,,
2020-04-10,Metz,Lorient,3,1,1.6,1.2,1.2,1.0,0.0,0.0,0,0,68.0,90.0,0,,,,,,
2020-04-10,Brest,Monaco,1,0,0.8,0.8,1.4,1.8,1.4,1.2,1,0,90.0,8.0,0,,,,,,
2020-04-10,Montpellier,Nimes,0,1,1.2,1.0,1.8,0.6,0.8,2.6,0,0,90.0,90.0,0,,,,,,
2020-04-12,Nimes,Marseille,0,2,1.2,1.0,1.8,1.6,1.2,1.0,0,0,2.0,2.0,0,,,,,,
2020-05-02,Brest,Bordeaux,1,1,0.8,0.6,1.4,1.0,1.0,1.6,0,0,22.0,22.0,0,,,,,,
2020-05-02,Montpellier,Metz,1,1,1.2,0.8,1.4,2.2,1.6,0.6,0,0,22.0,22.0,1,0.5,,,,,
2020-05-02,Toulouse,Strasbourg,0,1,0.4,0.8,2.2,0.8,1.4,1.8,1,0,90.0,22.0,1,0.0,,,,,
2020-05-02,Reims,Nice,1,1,2.2,2.0,0.8,2.6,2.0,0.8,0,0,22.0,53.0,1,0.0,,,,,
2020-05-02,Lyon,Amiens,0,0,1.0,1.2,1.2,0.8,1.0,1.8,0,1,22.0,90.0,0,,,,,,
2020-05-02,St Etienne,Marseille,0,2,0.6,0.8,2.0,1.6,1.0,0.8,0,0,53.0,20.0,1,0.0,,,,,
2020-05-02,Nimes,Dijon,2,0,1.2,0.8,1.4,0.8,0.8,1.2,0,0,20.0,22.0,0,,,,,,
2020-05-12,Rennes,Lens,0,2,2.0,1.6,1.0,3.0,2.0,0.0,0,0,32.0,63.0,0,,0.14567354199873886,0.3436204812521213,0.5107059767491399,0.1455044464106557,0.8544955535893444
2020-05-12,Montpellier,Paris SG,1,3,1.4,1.0,1.4,3.0,3.6,0.6,0,0,10.0,40.0,2,0.0,0.136286436554799,0.15226039455592838,0.7114531688892727,0.6309369964886761,0.36906300351132404
2020-06-03,Marseille,Amiens,2,2,2.2,1.4,0.4,0.4,0.4,1.6,0,0,32.0,32.0,1,0.0,0.708730110727922,0.2167211519478406,0.07454873732423734,0.2823958775029932,0.7176041224970068
2020-06-11,Strasbourg,Marseille,0,1,0.8,0.8,1.6,1.8,1.4,0.6,0,0,40.0,8.0,0,,0.1544218719969092,0.16969001247590432,0.6758881155271863,0.6223974460954436,0.3776025539045563
2020-06-12,Reims,Nice,0,0,2.2,2.2,1.0,2.2,1.8,0.8,0,0,41.0,41.0,2,0.25,0.5315441224630691,0.22050893170118746,0.24794694583574356,0.47384184995508244,0.5261581500449175
2020-06-12,Angers,Lorient,2,0,0.6,1.0,3.0,0.5,0.5,1.5,0,0,71.0,63.0,0,,0.5275674212076572,0.2560282261722453,0.21640435262009758,0.32822570103707727,0.6717742989629228
2020-06-12,Bordeaux,Brest,1,0,1.2,1.0,1.2,1.0,0.8,1.4,0,0,41.0,41.0,1,0.5,0.6244591625173593,0.20225105442600183,0.1732897830566388,0.46429173739963664,0.5357082626003634
2020-06-12,Metz,Lyon,1,3,2.2,1.8,0.8,1.2,1.0,0.8,0,0,41.0,41.0,0,,0.29639452501650243,0.25701138504761256,0.44659408993588495,0.3643550803787821,0.6356449196212177
2020-06-12,Dijon,St Etienne,0,0,0.8,0.8,1.4,0.0,0.2,2.0,0,0,41.0,41.0,1,0.0,0.31510842036934594,0.2668177391008175,0.41807384052983676,0.3390209871180952,0.660979012881905
2020-06-12,Nantes,Strasbourg,0,4,0.0,1.0,2.0,0.6,0.6,1.6,0,0,71.0,1.0,0,,0.6386770848247609,0.18986242159191696,0.1714604935833221,0.5159092691893749,0.4840907308106251
2020-06-12,Lille,Monaco,2,1,2.6,1.6,0.4,1.8,1.4,0.8,0,0,63.0,63.0,0,,0.7046336002214902,0.1867260495317166,0.10864035024679314,0.4159182572853892,0.5840817427146107
2020-07-02,Angers,Lille,0,2,0.6,0.8,2.8,2.6,1.6,0.4,0,0,20.0,20.0,0,,0.16716396038150472,0.25218390031172255,0.5806521393067727,0.320198062025505,0.679801937974495
2020-07-03,Reims,Brest,1,0,1.8,1.8,1.0,1.0,0.6,1.2,0,0,21.0,21.0,0,,0.673175248442658,0.22808269818647028,0.09874205337087166,0.3068051951965463,0.6931948048034535
2020-07-03,Metz,Nimes,2,1,2.0,1.8,1.2,1.8,1.2,0.8,0,0,21.0,62.0,1,1.0,0.6214419129893234,0.1917910030127883,0.18676708399788827,0.5702698375472637,0.4297301624527364
2020-07-03,Dijon,Toulouse,2,1,1.0,0.6,1.0,0.4,0.6,1.8,0,0,21.0,62.0,0,,0.4643135009549205,0.3181069938102901,0.21757950523478944,0.2150047069394802,0.78499529306052
2020-07-03,Angers,Nantes,2,0,0.6,0.6,2.4,0.0,0.6,2.2,0,0,1.0,21.0,0,,0.4551787315851188,0.26054661239158367,0.28427465602329743,0.3764523187861757,0.6235476812138242
2020-07-03,Nice,Monaco,2,1,2.2,1.6,0.6,1.2,1.4,1.2,0,0,21.0,21.0,0,,0.7393367714422291,0.153713207727447,0.10695002083032404,0.5808060383134562,0.4191939616865439
2020-07-11,Bordeaux,Montpellier,0,2,1.6,1.0,1.0,0.8,0.6,2.0,0,0,29.0,60.0,0,,0.6945007609368437,0.170179533176415,0.13531970588674125,0.5675672562457453,0.43243274375425456
2020-07-11,Paris SG,Rennes,3,0,3.0,3.8,0.6,1.4,1.2,1.2,0,0,60.0,60.0,0,,0.7749406938752248,0.12247195816174722,0.10258734796302808,0.756888369011165,0.24311163098883515
2020-08-02,Metz,Bordeaux,1,2,2.0,2.0,1.4,1.6,1.0,0.6,0,0,30.0,22.0,0,,0.4816872808369954,0.21614468803363335,0.30216803112937124,0.56473475539519,0.43526524460481
2020-08-02,Nice,Nimes,1,3,2.2,1.4,0.8,1.2,0.8,1.0,0,0,30.0,30.0,0,,0.8103661149420699,0.11902886514410228,0.07060501991382792,0.6287386642897588,0.3712613357102412
2020-08-02,Amiens,Monaco,1,2,0.6,0.8,1.4,1.2,1.4,1.0,0,0,60.0,30.0,1,0.0,0.4888948501729745,0.24287908155768168,0.2682260682693439,0.4214910044856958,0.5785089955143043
2020-08-02,Dijon,Nantes,3,3,1.0,0.4,1.2,0.0,0.4,2.2,0,0,30.0,30.0,1,0.0,0.45897940364374357,0.308700507489915,0.2323200888663414,0.23187346428545982,0.7681265357145401
2020-08-02,Rennes,Brest,0,0,0.8,1.0,1.8,0.8,0.4,1.2,0,0,22.0,30.0,0,,0.5431186810310871,0.2665549188772871,0.19032640009162566,0.2995597129636011,0.7004402870363987
2020-08-02,Marseille,Toulouse,1,0,2.2,1.6,0.6,0.4,0.4,1.4,0,0,52.0,30.0,0,,0.8946921697632089,0.07601585319499331,0.029291977041797757,0.6584542083572397,0.34154579164276033
2020-08-03,Lille,Lyon,1,0,2.6,1.8,0.4,1.2,1.2,1.0,0,0,32.0,52.0,2,0.75,0.4314205245835028,0.3033639024844541,0.2652155729320431,0.2698655939217669,0.7301344060782331
2020-08-03,Rennes,Montpellier,5,0,0.4,0.4,1.6,1.4,1.0,1.0,0,0,1.0,23.0,1,1.0,0.45242923894271203,0.268516203905262,0.2790545571520259,0.36786610753787335,0.6321338924621266
2020-08-03,St Etienne,Bordeaux,1,1,0.2,0.2,1.6,2.0,1.4,0.8,0,0,52.0,1.0,0,,0.3694438754736251,0.24810961440344192,0.38244651012293307,0.4670649835992448,0.5329350164007552
2020-08-11,Lorient,Nantes,0,2,0.3333333333333333,0.3333333333333333,1.6666666666666667,0.2,1.0,2.6,0,0,60.0,9.0,0,,0.18724803481022614,0.2822024668414139,0.5305494983483597,0.2863063355986169,0.713693664401383
2020-08-11,Lens,Reims,4,4,3.0,2.0,0.0,1.8,1.2,0.8,1,0,90.0,39.0,0,,0.6874002728644688,0.27282466433195424,0.039775062803576934,0.17844094109592004,0.8215590589040799
2020-08-11,Brest,Lille,3,2,1.0,0.4,0.6,3.0,1.8,0.2,0,0,9.0,8.0,1,0.0,0.16654127353445392,0.4095919430568565,0.4238667834086896,0.1039522463169434,0.8960477536830566
2020-08-11,Nimes,Angers,1,5,1.8,1.4,1.0,1.2,1.0,1.8,0,0,9.0,39.0,0,,0.5758432848664797,0.2108717972025681,0.2132849179309524,0.5520948379493328,0.4479051620506673
2020-08-11,Lyon,St Etienne,2,1,1.0,1.0,1.0,0.4,0.4,1.6,0,0,8.0,8.0,2,0.5,0.7157059240674593,0.1822745329107889,0.10201954302175183,0.46921801830745846,0.5307819816925416
2020-08-11,Metz,Dijon,1,1,1.4,1.6,1.6,1.0,1.0,1.8,0,0,9.0,9.0,0,,0.5905549657779159,0.21576110964326306,0.193683924578821,0.5027358428309281,0.49726415716907185
2020-08-11,Nice,Monaco,1,2,1.6,1.2,1.2,1.2,1.0,1.2,0,0,9.0,9.0,1,1.0,0.574655323833765,0.20989899609420973,0.2154456800720253,0.5597499765844886,0.4402500234155115
2020-09-02,Strasbourg,Reims,3,0,1.2,1.2,1.2,1.4,1.6,1.4,0,0,82.0,22.0,1,0.0,0.17506375414720216,0.19639429089408583,0.628541954958712,0.6002055968208388,0.39979440317916115
2020-09-02,Montpellier,St Etienne,1,0,0.8,0.8,2.0,0.4,0.4,1.4,0,0,30.0,22.0,1,1.0,0.3889329479811901,0.27489826021555874,0.3361687918032511,0.4022157989564926,0.5977842010435074
2020-09-02,Paris SG,Lyon,4,2,3.0,3.8,0.6,1.6,1.2,0.8,0,0,53.0,22.0,0,,0.6906717199789473,0.18362487793843013,0.1257034020826227,0.5546023467940432,0.4453976532059569
2020-10-01,Rennes,Marseille,0,1,1.0,1.4,1.4,2.6,1.6,0.4,0,0,59.0,60.0,0,,0.3328572299436399,0.3320124528892257,0.3351303171671343,0.23241772728853743,0.7675822727114626
2020-10-09,Lens,Paris SG,1,0,2.3333333333333335,2.6666666666666665,1.3333333333333333,3.0,3.6,1.0,0,0,59.0,37.0,0,,0.2913383506617869,0.16229582796594272,0.5463658213722702,0.9122558265048564,0.0877441734951436
2020-11-01,Nimes,Reims,2,0,1.2,1.4,2.0,1.2,1.2,1.6,0,0,82.0,60.0,0,,0.16617020841324523,0.16230009541921409,0.6715296961675408,0.6843132364475775,0.31568676355242264
2020-11-01,Bordeaux,Lyon,1,2,1.6,1.0,1.0,1.4,1.4,1.4,0,0,90.0,60.0,0,,0.30788556416224827,0.21662547721099606,0.47548895862675555,0.5618234077462868,0.4381765922537132
2020-11-01,Amiens,Montpellier,1,2,0.6,0.8,1.4,1.4,1.0,1.8,1,0,90.0,60.0,0,,0.4913976885175335,0.23732918937699243,0.271273122105474,0.4416861239016156,0.5583138760983843
2020-11-01,Angers,Nice,1,1,1.8,1.8,0.8,1.0,1.0,1.4,0,0,82.0,82.0,1,0.0,0.35064546457219326,0.23069428454578408,0.4186602508820224,0.505893659172892,0.49410634082710775
2020-11-01,Metz,Strasbourg,1,0,1.0,1.2,1.6,1.8,1.6,0.8,0,0,82.0,60.0,1,0.5,0.30394927721885445,0.2118425530118506,0.48420816976929504,0.5860744894069748,0.4139255105930253
2020-11-01,Toulouse,Brest,2,5,0.2,0.2,1.4,1.0,0.8,1.0,1,0,90.0,82.0,1,0.5,0.18900808307844458,0.2709057608504364,0.540086156071119,0.2868063352798308,0.7131936647201692
2020-11-09,Bordeaux,Lyon,0,0,1.4,1.0,1.2,1.8,1.8,1.6,0,0,8.0,8.0,1,0.0,0.2937305934668165,0.21550955038511083,0.49075985614807255,0.5450536445201607,0.4549463554798392
2020-11-12,St Etienne,Angers,0,0,0.4,0.4,1.2,2.0,2.0,0.8,0,0,71.0,11.0,0,,0.3943853949732152,0.25692701841624865,0.3486875866105362,0.4211355726918353,0.5788644273081648
2020-12-01,St Etienne,Nantes,0,2,0.6,0.4,0.8,0.8,1.2,2.2,0,1,19.0,90.0,1,1.0,0.45729644501532374,0.2750951856176064,0.2676083693670698,0.3602563198260338,0.639743680173966
2020-12-01,Dijon,Lille,1,0,1.2,1.2,1.4,2.4,2.0,0.8,1,1,90.0,90.0,0,,0.14127258616858762,0.24237171971251575,0.6163556941188966,0.3507608379710923,0.6492391620289079
2020-12-01,Paris SG,Monaco,3,3,2.4,2.4,1.0,1.2,1.2,1.4,0,1,53.0,90.0,0,,0.8397874234319627,0.10155138526896293,0.05866119129907425,0.7315966974001195,0.26840330259988043
2020-12-09,St Etienne,Strasbourg,2,0,0.4,0.4,1.2,1.8,1.6,0.4,0,0,8.0,38.0,0,,0.243942774067327,0.2738796958996553,0.4821775300330178,0.3191335579186036,0.6808664420813965
2020-12-09,Montpellier,Nice,3,1,1.8,1.2,1.8,1.0,1.0,1.4,0,0,38.0,38.0,0,,0.32046548021495946,0.2376768880935944,0.44185763169144593,0.47932194686222374,0.520678053137776
2020-12-12,Marseille,Monaco,2,1,2.6,1.4,0.4,1.4,1.8,1.8,0,0,72.0,11.0,0,,0.557020958447481,0.2368453698138825,0.20613367173863661,0.4052636173654908,0.5947363826345093
2020-12-12,Lens,Montpellier,2,3,2.5,2.25,1.0,2.4,1.6,1.4,0,0,64.0,3.0,0,,0.8303183468307713,0.09905631352015178,0.07062533964907677,0.7802879031739058,0.21971209682609405
2021-01-05,Paris SG,Lens,2,1,2.0,2.6,1.4,2.0,2.2,1.4,0,0,35.0,24.0,1,0.0,0.7493406797561146,0.12194029398606858,0.12871902625781695,0.8543142067946748,0.1456857932053251
2021-01-05,Lille,Nice,2,0,1.8,1.4,1.0,0.8,1.2,2.0,0,0,35.0,27.0,0,,0.5897355044439833,0.2285820682527439,0.18168242730327283,0.3895309199839041,0.6104690800160958
2021-01-10,Lens,Reims,2,0,1.4,2.0,1.8,1.0,1.0,1.8,0,0,5.0,70.0,1,0.5,0.6349853404780919,0.17282970231149025,0.19218495721041784,0.6764936342961926,0.3235063657038075
2021-01-12,Nantes,Marseille,0,1,1.4,1.4,1.8,2.6,1.4,0.6,0,0,42.0,31.0,0,,0.18249214350316642,0.2178991745940318,0.5996086819028017,0.431867576194936,0.568132423805064
2021-01-12,Lyon,Reims,1,2,1.4,1.2,1.4,0.8,1.0,2.2,0,0,64.0,2.0,0,,0.6118407495191929,0.20219129677110806,0.18596795370969904,0.5006924699888167,0.49930753001118344
2021-01-12,Paris SG,Nice,0,0,2.0,2.4,1.4,0.2,0.8,2.2,0,0,7.0,7.0,0,,0.8389689170146318,0.0962552303426882,0.06477585264267993,0.7498134676078417,0.2501865323921581
2021-01-12,Rennes,Lille,1,2,0.8,1.0,1.2,1.8,1.4,0.8,1,0,90.0,7.0,1,0.0,0.30730780798548646,0.3093995047750296,0.38329268723948395,0.24380798669002338,0.7561920133099768
2021-01-12,Clermont,Lens,2,2,,,,1.4,2.0,1.8,0,0,,2.0,0,,,,,,
2021-01-12,Troyes,Lorient,2,0,,,,0.25,0.25,1.75,0,1,,90.0,0,,,,,,
2021-01-12,Strasbourg,Bordeaux,5,2,1.2,1.4,0.8,1.0,0.8,1.2,0,0,34.0,64.0,0,,0.3941276059453855,0.24500927467268657,0.36086311938192783,0.4391461255290945,0.5608538744709055
2021-01-12,Metz,Montpellier,1,3,1.4,1.2,1.4,2.4,1.8,1.8,0,0,72.0,31.0,2,0.5,0.38560923936092534,0.22082906841185282,0.3935616922272219,0.5594969405861174,0.4405030594138825
2021-01-12,Brest,St Etienne,1,0,1.4,1.6,1.2,0.8,0.6,1.0,0,0,72.0,34.0,0,,0.6039396031103774,0.2358295576329025,0.1602308392567199,0.3491939923377041,0.6508060076622958
2021-01-12,Angers,Monaco,1,3,1.6,1.6,0.8,1.4,1.8,1.8,0,0,61.0,31.0,1,0.0,0.30839942101519713,0.21169054164393475,0.47991003734086823,0.5864647585965939,0.41353524140340636
2021-02-05,Brest,Nantes,1,4,2.0,1.8,1.0,1.4,1.4,1.2,0,0,24.0,24.0,0,,0.659717331430554,0.1859910801605872,0.1542915884088589,0.5391525481759818,0.46084745182401843
2021-02-05,Dijon,Metz,1,5,1.8,1.4,1.0,1.4,1.2,1.4,0,0,66.0,24.0,1,0.5,0.42891363523622783,0.2696177503250651,0.30146861443870704,0.3545646796159933,0.6454353203840066
2021-02-05,Lorient,Angers,2,0,0.2,0.2,1.8,1.6,1.8,1.0,0,0,24.0,24.0,1,0.0,0.0770377758918202,0.2186949596222006,0.7042672644859791,0.2990176180061696,0.7009823819938302
2021-02-05,Bordeaux,Rennes,1,0,1.0,1.2,1.8,0.8,1.2,1.2,0,0,24.0,24.0,0,,0.34262331629507975,0.24312605807628507,0.414250625628635,0.4628590238099044,0.5371409761900954
2021-02-05,Montpellier,St Etienne,1,2,3.0,2.4,1.0,0.8,0.4,0.8,0,0,24.0,24.0,2,1.0,0.6129045829328892,0.21919194303666656,0.16790347403044448,0.4241526598988697,0.5758473401011304
2021-02-05,Nimes,Reims,2,2,1.8,1.8,1.6,0.8,1.2,2.4,1,0,90.0,24.0,1,1.0,0.2931342894298271,0.21196133590798422,0.4949043746621886,0.5954977783598455,0.4045022216401545
2021-02-05,Monaco,Lyon,2,3,2.0,2.2,1.6,1.4,1.4,1.6,0,0,24.0,24.0,1,0.0,0.4564218813334191,0.2104153310758884,0.3331627875906924,0.6296563846448229,0.37034361535517696
2021-02-10,Nice,Brest,2,1,0.4,0.6,1.6,2.0,2.0,1.6,0,0,29.0,5.0,0,,0.4583238591537172,0.24511460139557426,0.29656153945070857,0.40369689767629474,0.5963031023237052
2021-02-10,Montpellier,Strasbourg,1,1,2.4,2.4,1.4,1.8,2.4,1.0,0,0,5.0,29.0,0,,0.4674072128387879,0.18833045876088156,0.34426232840033055,0.7425974277562709,0.2574025722437291
2021-03-02,St Etienne,Nantes,1,1,1.4,0.8,0.8,2.0,2.2,1.0,0,0,25.0,25.0,2,0.5,0.3498596699945889,0.2673542961409629,0.38278603386444826,0.3732128209095768,0.6267871790904231
2021-03-02,Paris SG,Nimes,3,0,1.6,1.8,1.4,1.4,1.8,2.0,0,0,49.0,25.0,1,1.0,0.8699511267447972,0.08035647762344583,0.04969239563175695,0.7960482621743982,0.20395173782560172
2021-03-02,Monaco,Nice,2,1,1.4,2.2,2.0,1.0,0.8,1.4,0,0,25.0,20.0,2,0.5,0.4882576398777145,0.21756799683431774,0.2941743632879678,0.5688832312856756,0.4311167687143244
2021-03-02,Lens,Marseille,2,2,1.4,1.6,1.4,3.0,1.2,0.2,0,0,49.0,49.0,0,,0.38944133774031064,0.26936336084517154,0.3411953014145179,0.3656632145445152,0.6343367854554849
2021-03-02,Strasbourg,Brest,2,2,1.4,1.8,1.2,1.8,2.2,2.0,0,0,20.0,20.0,1,0.0,0.5435266008335665,0.2038946779151878,0.2525787212512456,0.605646520464008,0.39435347953599187
2021-03-02,Rennes,Lorient,1,1,0.8,1.2,0.8,0.6,0.6,1.8,0,0,25.0,25.0,0,,0.6054048676220973,0.2648181773251673,0.12977695505273543,0.26421308167073365,0.7357869183292665
2021-03-02,Reims,Angers,0,0,0.8,0.8,2.0,1.0,1.4,1.4,0,0,25.0,25.0,2,0.75,0.6374731842515751,0.1902480923293619,0.17227872341906308,0.5566238947472124,0.44337610525278764
2021-03-02,Metz,Montpellier,1,1,1.4,1.8,1.4,2.0,2.2,1.4,0,0,25.0,20.0,3,0.3333333333333333,0.4356149228727567,0.20690755009740291,0.35747752702984026,0.6645910466439857,0.3354089533560141
2021-03-02,Bordeaux,Lille,0,3,1.0,1.0,1.6,1.8,1.4,1.0,0,0,25.0,49.0,0,,0.2154503483021717,0.2597660990616662,0.524783552636162,0.3440458269339847,0.6559541730660153
2021-03-02,Dijon,Lyon,0,1,1.6,1.6,2.0,1.4,1.6,1.8,0,0,25.0,25.0,0,,0.17698258193492575,0.1948492644255557,0.6281681536395184,0.5424655856543819,0.4575344143456181
2021-03-03,Nantes,Reims,1,2,2.0,1.8,0.6,1.0,0.8,1.4,0,0,1.0,1.0,0,,0.38729652930203906,0.2463540611383622,0.3663494095595987,0.5260803526097771,0.4739196473902228
2021-03-03,Brest,Dijon,3,1,1.4,2.0,2.0,1.0,1.2,2.0,0,0,1.0,1.0,1,0.0,0.5541119504601125,0.23556853176203477,0.21031951777785257,0.4800834128638026,0.519916587136197
2021-03-03,Lyon,Rennes,1,0,2.0,1.4,1.0,0.8,1.4,1.0,0,0,1.0,1.0,0,,0.5343098213661087,0.2526851063323823,0.21300507230150909,0.41894406313922533,0.5810559368607748
2021-03-03,Metz,Angers,0,1,1.6,1.8,1.2,0.6,0.4,1.2,0,0,1.0,1.0,0,,0.5589015494117305,0.22728594237041816,0.21381250821785136,0.5186342560946039,0.4813657439053961
2021-03-03,Strasbourg,Monaco,1,0,1.0,1.6,1.6,1.4,2.2,2.0,0,0,1.0,1.0,1,0.5,0.406163812111773,0.20493257751567343,0.3889036103725537,0.7482744918643746,0.25172550813562555
2021-03-03,Montpellier,Lorient,1,1,1.6,1.8,1.4,0.8,0.6,1.4,0,0,1.0,1.0,0,,0.6200727304557434,0.22404521926650786,0.15588205027774887,0.4506189351310816,0.5493810648689186
2021-03-03,Bordeaux,Paris SG,0,1,0.8,0.8,2.0,1.6,1.6,1.0,0,0,1.0,1.0,0,,0.09534398646130539,0.15610873044515086,0.7485472830935436,0.6015983361250693,0.39840166387493076
2021-03-03,Lille,Marseille,2,0,1.8,1.8,1.0,2.6,1.4,0.6,0,0,1.0,1.0,1,0.0,0.3972392691437165,0.3502052099463159,0.25255552090996775,0.2001674490531899,0.7998325509468102
2021-03-03,Nice,Nimes,2,1,0.8,0.8,1.6,1.4,1.6,2.2,0,0,1.0,1.0,1,0.0,0.5430518539844702,0.22503844881624435,0.23190969719928545,0.5496043613311847,0.45039563866881527
2021-03-03,St Etienne,Lens,2,3,1.4,1.0,1.0,1.0,1.8,1.8,0,0,1.0,1.0,1,0.0,0.1718194503066707,0.21487530440555,0.6133052452877794,0.5124170265236501,0.48758297347635
2021-03-04,Monaco,Metz,4,0,1.2,1.6,1.6,1.4,1.6,1.2,0,0,1.0,1.0,0,,0.570527670374601,0.18937005474672539,0.24010227487867364,0.6623389136457778,0.33766108635422215
2021-03-04,Paris SG,Lille,0,1,2.2,1.8,0.8,2.4,1.8,0.4,0,0,1.0,1.0,0,,0.44546151517181803,0.2820645265071989,0.2724739583209831,0.3041838911128374,0.6958161088871626
2021-03-04,Lens,Lyon,1,1,1.6,2.0,1.6,2.0,1.2,0.8,0,0,1.0,1.0,0,,0.5177287790275948,0.1866414278849867,0.29562979308741855,0.7477538607561249,0.25224613924387496
2021-03-10,Lorient,Clermont,1,1,1.0,0.8,1.2,1.0,2.0,2.0,0,0,7.0,57.0,0,,0.22256435757290735,0.2472277530257695,0.5302078894013231,0.38191883185622394,0.618081168143776
2021-03-10,Angers,Metz,3,2,1.0,0.4,1.0,0.8,1.4,2.0,0,0,7.0,6.0,1,1.0,0.4381545872579795,0.24443421798000575,0.31741119476201474,0.4463112551665898,0.5536887448334101
2021-03-10,Rennes,Paris SG,2,0,0.2,0.4,1.2,2.0,1.2,0.4,0,0,7.0,6.0,1,0.0,0.16146814315997865,0.23327189568943388,0.6052599611505874,0.3675430802476379,0.6324569197523622
2021-03-10,Lille,Marseille,2,0,3.0,2.0,0.2,2.0,1.2,1.0,0,0,6.0,7.0,2,0.5,0.5216946105113103,0.2994894489997023,0.17881594048898738,0.2298403827012265,0.7701596172987735
2021-03-10,Nantes,Troyes,2,0,1.4,1.6,1.0,3.0,2.0,0.0,0,0,7.0,57.0,0,,0.06318780684144196,0.16549582768205387,0.7713163654765041,0.4090163903559631,0.5909836096440368
2021-03-10,St Etienne,Lyon,1,1,1.4,1.4,1.2,2.0,1.4,1.0,0,0,7.0,6.0,3,0.3333333333333333,0.21498254065633182,0.2710928538349559,0.5139246055087123,0.3089537530562285,0.6910462469437715
2021-03-10,Monaco,Bordeaux,3,0,1.8,2.2,1.2,0.8,0.6,1.8,0,0,6.0,7.0,1,1.0,0.6644966130240049,0.1692498238582548,0.16625356311774017,0.652869235145181,0.3471307648548188
2021-04-04,Nantes,Nice,1,2,1.4,1.6,1.0,1.4,1.0,1.2,0,0,25.0,32.0,2,0.5,0.44077933881905057,0.24083530365060377,0.3183853575303456,0.5132484800902213,0.48675151990977866
2021-04-04,Reims,Rennes,2,2,1.6,1.2,1.2,0.8,0.8,1.0,0,0,32.0,25.0,2,0.75,0.43997270033724056,0.29286137193132133,0.26716592773143827,0.3101188032120716,0.6898811967879287
2021-04-04,Nimes,St Etienne,0,2,0.8,1.2,2.4,1.0,1.2,1.4,0,0,32.0,25.0,0,,0.42745265069212846,0.2589238393773188,0.3136235099305529,0.4349689004677174,0.5650310995322827
2021-04-04,Bordeaux,Strasbourg,2,3,0.6,0.6,2.4,1.6,1.8,1.4,0,0,25.0,32.0,1,0.0,0.3201470864541141,0.2460207149312816,0.4338321986146045,0.49055053929081616,0.5094494607091841
2021-04-04,Lorient,Brest,1,0,1.2,1.0,1.0,1.4,1.6,1.8,0,0,25.0,32.0,0,,0.2868611704780943,0.26810875910409415,0.44503007041781156,0.39173617523634063,0.6082638247636594
2021-04-04,Marseille,Dijon,2,0,1.4,1.0,1.4,0.8,0.8,2.0,0,0,25.0,32.0,0,,0.7368112694091808,0.18032340855298779,0.08286532203783145,0.43940307650333504,0.5605969234966651
2021-04-04,Angers,Montpellier,1,1,1.4,1.0,1.4,1.2,1.4,1.2,0,0,25.0,32.0,0,,0.42247223916895144,0.23674482503948782,0.3407829357915607,0.5401802687990205,0.4598197312009795
2021-04-12,Marseille,Brest,1,2,1.4,1.0,1.2,0.8,1.4,2.0,0,0,8.0,8.0,0,,0.6127276993320022,0.2273612942857344,0.15991100638226327,0.42339980976908714,0.5766001902309127
2021-04-12,Lille,Troyes,2,1,3.0,2.0,0.2,1.5,1.0,1.0,0,0,33.0,33.0,0,,0.739604806604192,0.19608221719392235,0.06431297620188553,0.34991971175135356,0.6500802882486465
2021-04-12,Lens,Paris SG,1,1,1.8,2.0,1.4,1.4,0.8,0.6,0,0,39.0,33.0,2,0.5,0.3431270582693262,0.21025024780127605,0.4466226939293978,0.6852500293406437,0.31474997065935645
2021-05-11,Lens,Troyes,4,0,1.4,1.8,1.6,1.0,1.0,1.3333333333333333,0,0,29.0,29.0,0,,0.6482246238816234,0.17793289817290764,0.17384247794546887,0.6858933552546082,0.31410664474539174
2021-05-12,St Etienne,Rennes,0,5,1.6,1.6,1.2,1.0,1.0,1.0,0,0,38.0,38.0,1,0.0,0.3146478489258961,0.31882614759589306,0.3665260034782111,0.2661068559925738,0.7338931440074266
2021-05-12,Reims,Angers,1,2,1.8,1.6,1.2,1.6,1.0,1.0,0,0,38.0,38.0,3,0.6666666666666666,0.5752260399665752,0.23002455346741854,0.1947494065660061,0.47293368089544235,0.5270663191045576
2021-05-12,Montpellier,Clermont,1,0,0.8,1.0,1.2,1.0,1.5,1.5,0,0,38.0,63.0,0,,0.40642581292275926,0.22675644301295367,0.36681774406428697,0.6133719103256734,0.38662808967432655
2021-05-12,Monaco,Metz,4,0,1.8,2.2,1.0,0.8,1.6,2.0,0,0,63.0,63.0,1,1.0,0.7417275641030796,0.14170449047101338,0.11656794542590719,0.7441536445660342,0.2558463554339661
2021-05-12,Lorient,Nantes,0,1,1.8,1.2,0.6,1.4,1.8,1.2,0,0,38.0,38.0,1,0.0,0.32376846770735895,0.2895711085945628,0.38666042369807846,0.3449068639045064,0.6550931360954937
2021-05-12,Nice,Strasbourg,0,3,2.0,1.4,1.0,2.2,2.4,1.4,0,0,38.0,38.0,0,,0.4529107942610411,0.24288419583604473,0.3042050099029143,0.5136173768903535,0.48638262310964675
2021-05-12,Bordeaux,Lyon,2,2,0.6,0.6,2.0,2.2,1.4,0.8,0,0,38.0,63.0,2,0.25,0.21165117986726395,0.23821896918937782,0.5501298509433583,0.460665298157077,0.5393347018429231
2021-06-01,Nantes,Rennes,0,0,1.4,1.2,1.0,1.6,2.0,0.8,0,0,20.0,20.0,0,,0.263306117552284,0.2241956765671853,0.5124982058805307,0.5366702604470733,0.46332973955292667
2021-06-01,Lorient,Monaco,2,5,1.2,0.8,0.8,2.4,2.6,0.4,0,0,20.0,20.0,0,,0.16359403062150857,0.234552136417533,0.6018538329609585,0.38817892780708424,0.6118210721929158
2021-06-01,Metz,Bordeaux,0,0,0.2,0.6,2.6,0.2,0.8,2.4,0,0,20.0,20.0,1,0.0,0.401553720233476,0.22661607298814013,0.37183020677838363,0.577349284704601,0.4226507152953989
2021-06-01,St Etienne,Paris SG,1,1,1.0,1.2,2.0,1.4,1.0,0.8,0,0,20.0,50.0,0,,0.11778702025103756,0.20431472112471413,0.6778982586242484,0.41812148635842095,0.5818785136415789
2021-06-01,Reims,Dijon,0,0,1.2,1.4,1.4,0.6,0.6,2.2,0,0,20.0,58.0,0,,0.676465709756127,0.19253648100761717,0.1309978092362558,0.48758533344501087,0.5124146665549891
2021-06-01,Marseille,Montpellier,3,1,0.8,1.0,1.6,1.4,1.0,0.8,0,0,50.0,20.0,0,,0.538500253695196,0.2476814661082421,0.21381828019656196,0.39793087947157796,0.6020691205284221
2021-06-01,Lyon,Lens,3,2,1.8,1.2,0.8,1.8,2.2,1.2,0,0,20.0,21.0,1,0.5,0.4014236632505246,0.2152014601679007,0.3833748765815748,0.6437921131677362,0.3562078868322639
2021-06-01,Lille,Angers,1,2,3.0,2.0,0.2,2.2,1.4,0.8,0,0,50.0,20.0,1,1.0,0.7523621990419643,0.1711220257604508,0.07651577519758487,0.44219567370316376,0.5578043262968361
2021-06-01,Strasbourg,Nimes,5,0,2.2,2.0,1.0,0.8,1.0,1.8,0,0,20.0,58.0,1,1.0,0.7608512663002998,0.13248162069631744,0.10666711300338272,0.73579691468051,0.2642030853194899
2021-06-01,Brest,Nice,2,0,1.4,1.6,1.4,1.8,1.4,1.6,0,0,50.0,20.0,1,0.0,0.4559409196502834,0.2394034891805878,0.30465559116912877,0.49356635977064595,0.506433640229354
2021-06-02,Lyon,Strasbourg,3,0,1.8,1.6,1.2,2.6,2.8,0.8,0,0,1.0,1.0,0,,0.4542395252642656,0.23858317864187048,0.307177296093864,0.5752424114676582,0.4247575885323419
2021-06-02,Lorient,Reims,1,0,1.0,1.0,1.6,1.2,1.0,1.0,0,0,1.0,1.0,0,,0.23400246899233335,0.2849656219130663,0.48103190909460036,0.35511089873723656,0.6448891012627632
2021-06-02,Lens,Rennes,0,0,1.6,2.2,1.4,1.6,1.8,0.6,0,0,1.0,1.0,1,1.0,0.47017532431230014,0.22540583606344258,0.3044188396242573,0.6374713787680102,0.3625286212319898
2021-06-08,Monaco,Nantes,1,1,2.4,3.2,0.6,1.4,1.0,0.8,0,0,7.0,7.0,0,,0.6952805877527322,0.1665588587716337,0.1381605534756341,0.7108484599980361,0.28915154000196397
2021-06-11,Bordeaux,Paris SG,2,3,0.4,0.8,1.8,1.0,0.6,1.0,0,0,10.0,10.0,1,0.0,0.15178616521222088,0.22942987331608516,0.618783961471694,0.475418029253888,0.524581970746112
2021-06-11,Lille,Angers,1,1,2.4,1.6,0.6,2.6,1.8,1.0,0,0,10.0,10.0,2,0.5,0.7089696191381636,0.1986199380079796,0.09241044285385674,0.4622682914401883,0.5377317085598118
2021-07-02,Marseille,Paris SG,0,2,1.2,1.2,1.4,1.0,1.0,1.4,0,0,31.0,21.0,0,,0.32736705622414186,0.2974562304775398,0.37517671329831837,0.3906812427174737,0.6093187572825264
2021-07-02,Nantes,Lille,0,2,1.6,1.0,0.6,2.0,1.4,0.8,0,0,24.0,21.0,2,0.0,0.18846292695046518,0.2888718685336357,0.5226652045158992,0.3446922718139822,0.6553077281860179
2021-07-02,St Etienne,Metz,1,0,1.0,1.2,2.0,0.2,0.4,2.4,0,0,31.0,31.0,1,0.0,0.44802547272390864,0.289933816294037,0.2620407109820542,0.3946028640970205,0.6053971359029794
2021-07-02,Nimes,Monaco,3,4,0.2,0.6,2.8,2.6,3.4,0.6,0,0,31.0,24.0,1,1.0,0.09901971866104087,0.13503246762773577,0.7659478137112233,0.7886566225313058,0.21134337746869442
2021-07-02,Nice,Angers,3,0,1.2,1.0,1.8,2.2,1.8,1.2,0,0,31.0,21.0,2,0.75,0.3892041093041494,0.28692897299061226,0.32386691770523834,0.4270668567922783,0.5729331432077216
2021-07-02,Montpellier,Dijon,4,2,1.2,1.0,1.2,0.2,0.4,2.2,0,0,31.0,31.0,1,0.5,0.6068183560030209,0.2365645359576483,0.15661710803933093,0.47312360118296903,0.5268763988170312
2021-07-02,Brest,Bordeaux,2,1,2.0,1.8,1.0,0.4,1.2,2.2,0,0,31.0,21.0,2,0.25,0.5615406350411037,0.23195245813383641,0.20650690682505982,0.5639538064744304,0.43604619352556967
2021-07-05,Lens,Lille,0,3,1.2,1.6,1.0,2.0,1.6,0.8,0,0,33.0,3.0,0,,0.30404691442363746,0.2632312183820541,0.43272186719430855,0.4906456444406056,0.5093543555593946
2021-07-08,Lyon,Brest,1,1,1.8,2.0,1.2,2.4,1.8,0.8,0,0,36.0,6.0,0,,0.5827029373570037,0.22495253404911297,0.1923445285938834,0.5537922146396284,0.4462077853603718
2021-07-08,Troyes,Paris SG,1,2,0.75,0.75,2.0,1.6,1.4,1.2,0,0,58.0,6.0,0,,0.07890951093884868,0.16797303442553427,0.753117454635617,0.5392560123002637,0.46074398769973623
2021-07-11,Reims,Monaco,0,0,1.0,1.0,1.2,2.6,3.4,1.2,0,0,39.0,9.0,0,,0.2836720843227364,0.2374347709410082,0.4788931447362555,0.6080847379455168,0.3919152620544832
2021-07-11,Rennes,Lyon,4,1,1.8,1.8,0.4,1.8,2.0,1.2,0,0,39.0,3.0,1,0.0,0.3968265046814021,0.31180243757107834,0.2913710577475195,0.3342688221704951,0.6657311778295049
2021-07-11,Nice,Montpellier,0,1,1.8,1.4,1.4,1.6,1.6,1.4,0,0,9.0,9.0,1,0.0,0.48098349717243155,0.24790064093235864,0.2711158618952098,0.5538042930128642,0.4461957069871358
2021-07-11,Lorient,Brest,1,2,1.4,1.0,1.4,2.0,1.4,0.8,0,0,39.0,3.0,1,1.0,0.2229875971250408,0.27684568074872595,0.5001667221262331,0.406901480671245,0.5930985193287549
2021-07-11,St Etienne,Clermont,3,2,1.6,1.0,1.4,0.6666666666666666,1.0,1.3333333333333333,0,0,9.0,60.0,0,,0.3694159121747485,0.35750513876526224,0.27307894905998936,0.22184187794582508,0.7781581220541751
2021-07-11,Marseille,Metz,0,0,1.2,1.2,1.4,0.2,0.4,2.4,0,0,9.0,9.0,0,,0.6468559082052837,0.23308620020817047,0.12005789158654584,0.41591204760909206,0.584087952390908
2021-07-11,Nantes,Strasbourg,2,2,1.0,0.6,1.0,2.4,2.4,1.0,0,0,9.0,39.0,1,0.0,0.32484756942020443,0.25893411264568766,0.41621831793410785,0.5329282353940586,0.46707176460594135
2021-08-05,Nantes,Bordeaux,3,0,1.2,0.8,1.0,0.4,1.4,2.0,0,0,25.0,34.0,1,0.0,0.5036560531727237,0.2581002390259985,0.23824370780127777,0.4926782960526124,0.5073217039473874
2021-08-05,Lyon,Lorient,4,1,1.6,2.0,1.8,1.2,1.0,1.6,0,0,25.0,25.0,0,,0.7051253463214384,0.1964734538392833,0.09840119983927839,0.5020505992707452,0.4979494007292548
2021-08-08,Montpellier,Marseille,2,3,2.0,1.6,1.2,1.4,1.2,1.0,0,0,28.0,28.0,1,0.0,0.32973175944495836,0.2962327366288662,0.37403550392617546,0.3936300084738271,0.6063699915261729
2021-08-08,Strasbourg,Angers,0,2,2.0,2.6,1.4,1.6,1.2,1.4,0,0,28.0,37.0,1,0.0,0.6116934631864168,0.20540014282203575,0.1829063939915475,0.6444744171734377,0.3555255828265623
2021-08-08,St Etienne,Lorient,1,1,2.0,1.4,1.6,0.6,1.0,2.4,0,0,28.0,3.0,0,,0.5178932076406719,0.2855648164920948,0.19654197586723327,0.3600810226767175,0.6399189773232825
2021-08-08,Nice,Reims,0,0,1.2,1.0,1.4,0.6,0.6,1.0,0,0,28.0,28.0,3,0.6666666666666666,0.3990968535604167,0.3264384536134299,0.2744646928261534,0.29283801970782625,0.7071619802921738
2021-08-08,Bordeaux,Clermont,0,2,0.4,1.0,2.0,0.5,1.25,1.75,0,0,3.0,28.0,0,,0.46075167212101237,0.25007631151552745,0.2891720163634601,0.5593186480886584,0.4406813519113415
2021-08-08,Rennes,Lens,1,1,1.8,2.2,0.6,1.0,1.4,1.4,0,0,28.0,34.0,2,0.25,0.5492182764491897,0.23296588638585275,0.2178158371649574,0.5717535371250905,0.4282464628749095
2021-08-08,Metz,Lille,3,3,0.4,0.4,1.6,2.0,1.8,0.8,0,0,28.0,34.0,1,0.5,0.08808115224841871,0.2318513090244873,0.6800675387270941,0.35851393227698203,0.6414860677230181
2021-09-01,Rennes,Lyon,2,2,1.8,2.0,0.4,2.0,2.4,1.6,0,0,24.0,27.0,2,0.5,0.48537767955216243,0.274637645663895,0.23998467478394264,0.4476184801700774,0.5523815198299227
2021-09-01,Monaco,Angers,3,0,2.2,2.8,1.2,2.0,1.4,1.2,0,0,52.0,24.0,2,1.0,0.6073814499041075,0.20729912470918904,0.1853194253867035,0.6560271274382035,0.3439728725617966
2021-09-01,Montpellier,Nantes,1,1,1.8,1.8,1.6,1.2,1.2,1.0,0,0,24.0,27.0,0,,0.4157867757216893,0.254186244874294,0.3300269794040169,0.5760811856652788,0.42391881433472123
2021-09-01,Metz,Nice,1,1,0.6,0.6,1.6,0.8,0.6,1.2,0,0,24.0,24.0,1,0.0,0.3246249423687372,0.30801708310202097,0.36735797452924174,0.36959420203213034,0.6304057979678697
2021-09-01,Reims,St Etienne,3,1,0.6,0.2,0.6,1.6,1.2,1.8,0,0,24.0,24.0,1,1.0,0.446153191487957,0.3315584334845286,0.22228837502751456,0.27195574078246304,0.7280442592175371
2021-09-01,Dijon,Marseille,0,0,0.2,0.6,2.0,1.4,1.4,1.4,0,0,61.0,24.0,1,0.0,0.16351882217737307,0.2717908765479439,0.564690301274683,0.3799854236554874,0.6200145763445126
2021-09-01,Lens,Strasbourg,0,1,1.0,1.4,1.4,1.4,2.0,1.4,0,0,24.0,24.0,0,,0.569304018536023,0.2020861072589176,0.22860987420505935,0.7366313755904136,0.26336862440958647
2021-09-01,Paris SG,Brest,3,0,2.2,1.8,1.0,2.6,1.8,0.8,0,0,55.0,52.0,1,1.0,0.6576611140186521,0.2069886591494872,0.13535022683186076,0.5643359299459476,0.4356640700540523
2021-09-01,Nimes,Lille,0,1,0.0,0.8,3.2,1.6,2.0,1.2,0,0,61.0,24.0,1,0.5,0.064829111665839,0.13080588519276393,0.804365003141397,0.6920458737337963,0.30795412626620355
2021-09-01,Bordeaux,Lorient,2,1,0.2,0.6,2.0,0.8,1.2,2.4,0,0,24.0,24.0,0,,0.443921346074355,0.2902430947302494,0.2658355591953954,0.4100519004219763,0.5899480995780235
2021-09-04,Metz,Lille,0,2,0.8,0.8,1.0,2.2,2.0,0.8,0,0,3.0,3.0,2,0.5,0.11640117143675657,0.23296755108432396,0.6506312774789194,0.4370569838589196,0.5629430161410803
2021-09-05,Rennes,Paris SG,1,1,1.4,1.4,0.8,2.6,2.2,0.8,0,0,4.0,4.0,2,0.5,0.31571266236853734,0.30296296091472064,0.38132437671674185,0.3967211372331414,0.6032788627668585
2021-09-05,Strasbourg,Montpellier,2,3,1.4,1.6,1.4,1.4,1.8,1.8,0,0,4.0,4.0,1,0.5,0.5880079208224587,0.2135243900752566,0.19846768910228482,0.6599897764036479,0.3400102235963522
2021-09-05,Nice,Brest,3,2,1.0,0.8,0.8,2.0,1.4,1.2,0,0,4.0,4.0,2,0.5,0.38400418762224586,0.30016476568325723,0.31583104669449713,0.4062526600947803,0.5937473399052198
2021-09-05,Metz,Nimes,0,3,0.6,0.8,1.4,0.0,0.8,2.8,0,0,1.0,4.0,2,1.0,0.5324240412082013,0.23585957613586345,0.2317163826559352,0.60485627754507,0.3951437224549299
2021-09-05,Angers,Dijon,3,0,1.4,1.0,1.6,0.4,0.6,1.8,0,0,4.0,4.0,0,,0.6114819174899547,0.24652225573161246,0.1419958267784328,0.4406249102866605,0.5593750897133395
2021-09-05,St Etienne,Marseille,1,0,1.6,1.4,1.4,1.6,1.2,1.0,0,0,4.0,4.0,2,0.0,0.24289786357535342,0.3243506923547426,0.43275144406990423,0.3084941981566852,0.691505801843315
2021-09-05,Reims,Monaco,0,1,1.2,0.6,0.4,2.2,2.6,1.2,0,0,4.0,4.0,1,0.5,0.29849092219790696,0.2682518758440323,0.43325720195806067,0.5197074918979194,0.4802925081020805
2021-10-03,Marseille,Rennes,1,0,1.0,0.6,1.0,1.4,1.6,1.0,0,0,28.0,28.0,1,1.0,0.3057824275842159,0.3401172634485651,0.354100308967219,0.26587978489431463,0.7341202151056854
2021-10-04,Montpellier,Marseille,3,3,2.0,2.2,1.6,1.6,0.8,0.6,0,0,29.0,1.0,2,0.0,0.3495769099548504,0.28671331285614404,0.36370977718900555,0.4205235977407566,0.5794764022592434
2021-10-04,Strasbourg,Paris SG,1,4,0.8,1.0,2.0,2.6,2.2,0.8,0,0,29.0,29.0,0,,0.23538923781993473,0.23707782117800577,0.5275329410020595,0.5641024252014447,0.4358975747985552
2021-10-09,Lorient,Lille,2,1,0.8,1.0,1.8,2.6,2.2,0.6,0,0,38.0,35.0,0,,0.08673324502859478,0.20529722349068347,0.7079695314807216,0.42125966973642287,0.5787403302635771
2021-10-12,Nantes,Lens,3,2,1.2,1.4,1.2,0.4,0.6,1.6,0,0,41.0,41.0,0,,0.37160721995337387,0.2577104989963136,0.3706822810503123,0.5248751260403953,0.47512487395960445
2021-11-04,Brest,Nimes,1,1,1.4,1.4,1.8,0.6,1.2,2.4,0,0,60.0,60.0,0,,0.6556736282638302,0.17776374676673018,0.16656262496943958,0.726534175037751,0.273465824962249
2021-11-04,Lens,Lorient,4,1,0.4,0.6,1.6,0.8,1.2,2.0,0,0,23.0,26.0,0,,0.6919807095444945,0.17810546215535944,0.12991382830014608,0.6423752832952688,0.3576247167047313
2021-11-04,Nice,Reims,0,0,1.6,1.4,0.8,1.0,0.6,0.6,0,0,60.0,60.0,4,0.625,0.3895380910255888,0.3244735636343766,0.2859883453400346,0.2855246273745369,0.7144753726254631
2021-11-04,St Etienne,Bordeaux,4,1,2.0,1.4,1.2,0.6,1.0,2.2,0,0,60.0,64.0,1,0.5,0.47515250953214194,0.27771217026234374,0.2471353202055144,0.40477872608962157,0.5952212739103786
2021-11-04,Monaco,Dijon,3,0,2.2,1.8,0.8,0.4,0.4,1.8,0,0,60.0,60.0,1,1.0,0.8548108240608405,0.10265075083809877,0.042538425101060824,0.6908532506492179,0.3091467493507821
2021-11-04,Rennes,Nantes,1,0,1.2,1.6,1.2,1.6,1.8,1.4,0,0,32.0,23.0,1,0.5,0.5387548363241372,0.2650505013061419,0.19619466236972075,0.40418432967209716,0.5958156703279028
2021-11-04,Lyon,Angers,3,0,1.6,2.2,1.6,1.4,1.2,1.4,0,0,64.0,60.0,0,,0.5792787676248911,0.21910503703947098,0.2016161953356381,0.5892147708216542,0.4107852291783461
2021-11-09,Paris SG,Clermont,4,0,2.6,2.4,0.6,1.0,1.4,1.4,0,1,36.0,90.0,0,,0.7422323218606811,0.1679444299578347,0.08982324818148421,0.5808754082994128,0.41912459170058725
2021-11-09,Monaco,Marseille,0,2,2.6,2.2,0.6,1.6,1.4,1.2,0,0,5.0,36.0,1,0.0,0.5587317006904349,0.2437985353995805,0.19746976390998452,0.4887897612569852,0.5112102387430149
2021-11-12,Brest,Montpellier,0,4,1.0,1.2,1.8,1.6,2.0,1.8,0,0,8.0,39.0,0,,0.4760890368124826,0.22367648008184834,0.300234483105669,0.6745226016042893,0.32547739839571077
2021-11-12,Reims,St Etienne,2,0,1.2,0.6,0.4,2.0,2.0,1.4,0,0,8.0,8.0,2,1.0,0.4603529143362371,0.31265791603427073,0.22698916962949198,0.3002774642142477,0.6997225357857519
2021-12-03,Reims,Lyon,1,1,1.6,1.0,0.4,1.6,2.2,1.6,0,0,21.0,29.0,1,1.0,0.32946759843708606,0.29856266773959633,0.37196973382331755,0.37671038443717353,0.6232896155628264
2021-12-09,Nantes,Nice,0,2,1.6,1.8,1.2,1.2,0.8,0.8,0,0,35.0,35.0,3,0.3333333333333333,0.4572354399063716,0.2933857659650071,0.2493787941286213,0.377317433376645,0.6226825666233551
2021-12-09,Lyon,Strasbourg,3,1,1.6,2.2,1.6,0.8,1.2,2.2,0,0,6.0,66.0,1,1.0,0.6024776253422803,0.20193823783740497,0.19558413682031484,0.6823208021059435,0.3176791978940566
2021-12-09,Montpellier,St Etienne,2,0,1.6,2.6,1.8,1.4,1.4,1.4,0,0,27.0,27.0,3,0.6666666666666666,0.5900726740544091,0.2133780688230128,0.1965492571225781,0.6318959567412756,0.3681040432587245
2021-12-09,Bordeaux,Lens,2,3,0.6,0.8,2.4,0.8,1.4,1.8,0,0,35.0,35.0,0,,0.18542369135540399,0.19737251091294095,0.6172037977316551,0.6875217092132292,0.3124782907867707
2021-12-09,Brest,Angers,1,1,0.8,1.0,2.4,1.2,1.0,1.8,0,0,27.0,35.0,0,,0.4015513793988259,0.2650888173671931,0.33335980323398096,0.5151116333133386,0.48488836668666135
2021-12-09,Metz,Troyes,0,2,0.6,0.8,1.8,0.6,0.8,2.0,1,1,90.0,90.0,0,,0.41599740858851586,0.29239788654819987,0.29160470486328416,0.3999791987265363,0.6000208012734636
2021-12-09,Rennes,Reims,0,2,1.2,1.0,1.0,1.6,1.2,0.6,0,0,35.0,6.0,3,0.3333333333333333,0.48755680800892687,0.33202931714960315,0.1804138748414698,0.23875488958477328,0.7612451104152267
2021-12-12,Strasbourg,Marseille,0,2,0.6,1.0,2.4,1.6,1.2,0.8,0,0,3.0,33.0,1,0.0,0.33127082314604633,0.285034686037302,0.38369449081665175,0.4495431758302687,0.5504568241697313
2021-12-12,Paris SG,Monaco,2,0,2.6,2.8,0.6,2.0,1.4,0.4,0,0,33.0,33.0,1,0.5,0.6407284018626203,0.20294749420579156,0.1563241039315881,0.6235602927100105,0.37643970728998954
2021-12-12,Troyes,Bordeaux,1,2,0.6,0.8,2.0,0.6,1.0,2.6,0,0,3.0,3.0,0,,0.5631996930820697,0.24125875720813503,0.1955415497097952,0.5265843540107259,0.4734156459892741
2021-12-12,Angers,Clermont,0,1,1.4,1.2,1.4,0.8,1.0,1.8,0,0,3.0,33.0,0,,0.5136866088025934,0.259816854952707,0.22649653624469968,0.4893344182664479,0.5106655817335521
2021-12-12,Metz,Lorient,4,1,0.4,0.8,2.2,0.8,1.2,2.4,0,0,3.0,38.0,1,1.0,0.38311685785869987,0.29176241160163574,0.3251207305396645,0.4238385920520519,0.5761614079479481
2021-12-12,Lille,Lyon,0,0,2.0,2.0,1.0,2.2,2.6,1.0,0,0,64.0,3.0,3,0.8333333333333334,0.543080563552814,0.25737664334434146,0.1995427931028445,0.47024371157959977,0.5297562884204002
2021-12-12,Rennes,Nice,1,2,1.0,0.8,1.2,1.8,1.2,0.6,0,0,3.0,3.0,1,0.0,0.48455894579741116,0.3116110079827661,0.20383004621982256,0.307812898120047,0.6921871018799528
2022-01-02,Lyon,Marseille,2,1,1.8,1.8,0.8,2.0,1.6,0.8,0,0,21.0,21.0,2,0.25,0.413906035719687,0.3011535665343188,0.2849403977459942,0.38194499374221724,0.6180550062577826
2022-01-05,Bordeaux,Nice,0,1,1.2,1.4,2.2,2.2,1.6,0.8,0,0,24.0,24.0,2,0.5,0.24905809502632903,0.2675421523411989,0.48339975263247215,0.48023384359598226,0.5197661564040177
2022-01-05,Lorient,Reims,1,2,0.8,1.2,2.4,1.6,1.0,0.4,0,0,24.0,27.0,1,1.0,0.18350595374530473,0.28184558723458375,0.5346484590201117,0.3726274944860172,0.627372505513983
2022-01-05,Marseille,Lyon,0,3,2.0,1.8,1.0,2.2,1.8,0.6,0,0,3.0,3.0,3,0.5,0.39326091165433036,0.2976126180681656,0.30912647027750406,0.4011506915745975,0.5988493084254025
2022-01-05,Brest,Clermont,2,0,0.4,0.8,2.4,1.2,1.0,1.6,0,0,27.0,24.0,0,,0.4041099644260736,0.28281697182717186,0.3130730637467546,0.45499816042517144,0.5450018395748285
2022-01-05,Troyes,Lille,3,0,0.6,1.0,2.0,1.6,1.4,1.0,0,0,24.0,24.0,1,0.0,0.12490598428317141,0.25615680382041456,0.618937211896414,0.37048989185295633,0.6295101081470438
2022-01-05,Montpellier,Metz,2,2,2.2,2.6,1.2,0.8,1.0,1.8,0,0,27.0,24.0,4,0.625,0.7020090899721197,0.17296756959858375,0.12502334042929625,0.690449781807898,0.3095502181921019
2022-01-05,Monaco,Angers,2,0,1.8,1.4,0.8,0.8,0.8,1.6,0,0,24.0,24.0,3,1.0,0.6543601850039417,0.2043899058492295,0.14124990914682872,0.5877753368509935,0.4122246631490065
2022-01-10,Strasbourg,Rennes,1,3,0.6,1.0,2.4,0.8,0.6,1.2,0,0,29.0,29.0,0,,0.32424262835837264,0.27136055575960966,0.40439681588201787,0.48267385517956884,0.5173261448204313
2022-01-10,Paris SG,Nice,2,1,2.6,2.8,0.4,2.6,1.6,0.6,0,0,29.0,5.0,1,0.5,0.6832861923317815,0.2116176613983234,0.1050961462698951,0.45836496022237283,0.5416350397776273
2022-02-04,Lille,Bordeaux,0,0,1.4,0.8,1.0,1.2,1.4,2.0,0,0,30.0,30.0,1,1.0,0.738528738044326,0.17823852446411367,0.08323273749156034,0.5221098538270917,0.47789014617290837
2022-02-04,Nice,Rennes,1,1,2.0,1.2,0.6,1.2,1.0,1.2,0,0,25.0,25.0,2,1.0,0.3349598718605066,0.31731463745464894,0.3477254906848444,0.32246804056437606,0.6775319594356237
2022-02-10,Lorient,Lille,2,1,0.6,1.2,2.6,1.0,0.6,1.0,0,0,36.0,6.0,1,1.0,0.12264586865539458,0.23132458939216957,0.6460295419524359,0.4446556937524322,0.5553443062475678
2022-02-10,Auxerre,Brest,1,1,,,,1.0,1.2,1.8,0,0,,36.0,0,,,,,,
2022-02-10,Toulouse,Montpellier,4,2,0.2,0.6,1.8,2.2,2.8,1.4,1,0,90.0,36.0,1,0.0,0.12170349939035564,0.1654515454038875,0.7128449552057569,0.7170294253080254,0.28297057469197456
2022-02-10,Troyes,Reims,2,2,1.2,1.4,1.6,2.2,1.4,0.4,0,0,36.0,36.0,0,,0.33959211522026905,0.3143188600694373,0.3460890247102935,0.35039427994701455,0.6496057200529853
2022-02-10,Monaco,Nantes,4,1,1.8,1.2,0.8,1.4,1.4,1.2,0,0,36.0,63.0,1,0.5,0.6123666685831597,0.22089374305122766,0.1667395883656127,0.5668889315317694,0.43311106846823055
2022-02-10,Lens,Lyon,1,0,1.4,2.0,1.6,2.2,1.8,0.6,0,0,63.0,36.0,2,0.25,0.3613602089180019,0.22772689993205325,0.4109128911499447,0.7016639343729676,0.29833606562703235
2022-02-10,Ajaccio,Clermont,1,3,,,,1.2,1.0,1.8,0,0,,36.0,0,,,,,,
2022-03-04,Montpellier,Brest,1,2,1.6,2.6,1.8,1.2,1.0,1.4,0,0,22.0,22.0,1,1.0,0.5236420752485882,0.2188914205195183,0.2574665042318935,0.6770661599424703,0.3229338400575296
2022-03-04,St Etienne,Marseille,2,4,1.2,1.2,1.6,1.4,1.6,1.6,0,0,85.0,58.0,3,0.3333333333333333,0.2607686786243225,0.3121685585954261,0.4270627627802516,0.3271614759435812,0.6728385240564191
2022-03-04,Troyes,Reims,1,0,1.4,1.8,1.2,2.2,1.8,0.8,0,0,22.0,22.0,1,0.5,0.3572579943830705,0.2846323536204192,0.3581096519965102,0.43896952802719774,0.5610304719728021
2022-03-04,Lyon,Angers,3,2,2.0,1.6,0.6,0.8,0.8,1.4,0,0,22.0,58.0,1,1.0,0.6760603894317133,0.20502847624487427,0.11891113432341234,0.5197968391236424,0.4802031608763575
2022-03-04,Metz,Monaco,1,2,0.8,1.2,2.0,1.8,1.8,1.0,0,0,58.0,22.0,2,0.0,0.1478661679138687,0.192839065509955,0.6592947665761761,0.6378974693397492,0.3621025306602507
2022-03-04,Paris SG,Lorient,5,1,2.6,2.6,0.6,1.2,1.4,2.4,0,0,53.0,22.0,0,,0.8992759029476939,0.07405034054243186,0.02667375650987419,0.7670723355716117,0.2329276644283883
2022-03-04,Clermont,Nantes,2,3,1.8,1.2,1.4,0.8,1.0,2.0,0,0,22.0,22.0,0,,0.34632835458032957,0.29425476002217943,0.35941688539749095,0.4035023503597141,0.5964976496402858
2022-03-04,Strasbourg,Lens,1,0,0.0,1.0,3.0,1.8,2.0,1.4,0,0,53.0,22.0,1,1.0,0.30997444618463876,0.21618886734452158,0.47383668647083965,0.7258575053732929,0.2741424946267072
2022-03-09,Auxerre,Marseille,0,2,1.0,1.0,1.0,1.8,1.8,1.4,0,0,27.0,5.0,0,,0.2512769712620462,0.3144604117847824,0.4342626169531713,0.2900466558072172,0.7099533441927826
2022-03-09,Lyon,Angers,5,0,2.0,1.6,0.8,0.2,0.6,2.0,0,0,5.0,5.0,2,1.0,0.6796892624680385,0.1899063841668347,0.13040435336512687,0.5741651703527374,0.4258348296472626
2022-03-09,Nantes,Paris SG,0,3,1.2,1.4,2.2,3.0,3.4,0.6,0,0,5.0,5.0,2,0.0,0.13289600803370938,0.18678731743875224,0.6803166745275384,0.5945087669680803,0.4054912330319196
2022-04-02,Marseille,Angers,5,2,1.8,1.8,1.4,0.2,0.6,2.4,0,0,24.0,24.0,1,1.0,0.6339202670157746,0.22189311163860873,0.14418662134561666,0.47107090729138373,0.5289290927086162
2022-04-03,Lorient,Lyon,1,4,0.6,1.2,3.2,2.4,2.6,0.8,0,0,30.0,25.0,1,0.0,0.11713052433409328,0.15930591237999775,0.7235635632859089,0.6906441889291455,0.30935581107085447
2022-04-09,Montpellier,Lille,1,3,1.4,2.2,1.6,0.4,0.4,1.4,0,0,36.0,58.0,0,,0.2880647452314542,0.2638115241203328,0.4481237306482131,0.46637805081318134,0.5336219491868187
2022-04-09,Ajaccio,Lorient,0,1,0.0,1.0,3.0,0.6,1.2,3.2,0,0,58.0,6.0,0,,0.131829340784187,0.14428165267307203,0.7238890065427408,0.8097895713626033,0.19021042863739643
2022-04-09,Brest,Strasbourg,1,1,1.6,1.2,1.4,0.6,0.8,2.4,0,0,36.0,36.0,2,0.75,0.4186288334059719,0.24674156814357942,0.3346295984504487,0.5570941213761513,0.4429058786238488
2022-04-09,Clermont,Toulouse,2,0,1.2,1.2,2.0,0.6,1.4,2.2,0,0,36.0,58.0,0,,0.4390208510135247,0.22110107761786313,0.33987807136861203,0.6835182682710188,0.3164817317289812
2022-04-09,Reims,Lens,1,1,1.6,1.4,1.0,1.8,2.0,1.4,0,0,36.0,36.0,2,0.25,0.3788482235785542,0.28928678374679534,0.33186499267465036,0.38613856121539347,0.6138614387846065
2022-04-09,Nice,Monaco,0,1,2.0,1.4,0.8,1.8,1.6,1.2,0,0,64.0,36.0,3,0.3333333333333333,0.31640546343296083,0.2711802625730342,0.4124142739940049,0.44862936401877546,0.5513706359812245
2022-04-09,Troyes,Rennes,1,1,2.0,1.8,0.8,1.4,1.2,1.2,0,0,36.0,64.0,0,,0.34063710398802427,0.27192556455325206,0.3874373314587235,0.45080202542636716,0.5491979745736326
2022-04-11,Troyes,Auxerre,1,1,1.6,1.6,1.0,0.5,0.5,1.5,0,0,2.0,33.0,0,,0.7391775669729105,0.1892642711451037,0.07155816188198592,0.43768864664773444,0.5623113533522657
2022-05-02,St Etienne,Montpellier,3,1,1.2,1.4,1.8,0.8,1.6,2.2,0,0,59.0,23.0,4,0.25,0.3735300424422222,0.2392240260299761,0.3872459315278016,0.6313055708791153,0.3686944291208846
2022-05-02,Monaco,Lyon,2,0,2.4,1.8,0.8,2.4,3.0,0.8,0,0,23.0,29.0,2,0.0,0.42276944239565056,0.24740588242793302,0.3298246751764164,0.5859090044622007,0.41409099553779916
2022-05-03,Lens,Brest,0,1,2.0,1.8,1.0,1.8,1.4,0.8,0,0,24.0,24.0,0,,0.60403692855247,0.21846062972720726,0.17750244172032284,0.576063531904398,0.42393646809560215
2022-05-03,Nice,Paris SG,1,0,1.4,1.0,1.0,3.0,3.2,0.4,0,0,24.0,55.0,2,0.25,0.16177835824028516,0.25682335575285253,0.5813982860068623,0.407776617665475,0.5922233823345249
2022-05-08,Lyon,Ajaccio,2,1,1.8,2.4,1.2,0.0,0.5,2.0,0,0,6.0,29.0,0,,0.9672257219222786,0.027547328815907927,0.005226949261813517,0.8175070948964692,0.18249290510353083
2022-05-11,Angers,Lens,1,2,0.0,0.8,3.2,1.4,1.0,1.0,0,0,39.0,8.0,0,,0.2657747770362486,0.23147946946486303,0.5027457534988885,0.5801924378740525,0.4198075621259475
2022-05-11,Ajaccio,Strasbourg,4,2,0.0,0.6666666666666666,2.0,0.8,0.8,1.8,0,0,3.0,32.0,0,,0.14660873783016157,0.2279819447564864,0.6254093174133522,0.4449021624560519,0.5550978375439483
2022-06-02,Rennes,Brest,2,0,1.0,1.2,1.4,2.2,1.4,0.6,0,0,54.0,30.0,1,0.5,0.5438635932614864,0.25898241048956866,0.19715399624894497,0.391453811784199,0.608546188215801
2022-06-02,Troyes,Metz,0,0,1.8,1.6,0.8,0.8,1.4,2.0,0,0,52.0,90.0,1,1.0,0.622746846538495,0.20566448201450774,0.17158867144699735,0.5628880120171248,0.4371119879828753
2022-06-02,Strasbourg,Nantes,1,0,0.8,1.0,2.0,0.6,0.8,2.4,0,0,22.0,85.0,2,0.75,0.46499805634712466,0.22355709964890136,0.3114448440039742,0.6332700550869131,0.36672994491308725
2022-06-02,Reims,Bordeaux,5,0,1.6,1.4,1.0,0.8,1.0,1.8,0,1,54.0,90.0,0,,0.5966850704230535,0.24770889698562676,0.15560603259131986,0.3796417501721741,0.6203582498278262
2022-06-02,Nice,Clermont,0,1,1.4,0.8,0.8,1.8,1.6,1.2,0,0,30.0,54.0,0,,0.5293192812250954,0.26511634310175375,0.20556437567315083,0.379915703224894,0.620084296775106
2022-06-02,Lorient,Lens,2,0,1.2,1.2,2.4,1.4,0.8,0.8,0,0,54.0,22.0,1,0.0,0.2015893595851816,0.20249549124755215,0.5959151491672662,0.6282005605483081,0.3717994394516917
2022-06-02,Lille,Paris SG,1,5,1.0,0.8,1.2,2.4,2.4,0.6,0,0,54.0,30.0,1,1.0,0.2542389230794199,0.2841636329376571,0.4615974439829229,0.3553158477957469,0.6446841522042531
2022-06-03,Nantes,Montpellier,2,0,0.6,0.8,2.4,0.2,1.4,2.8,0,0,1.0,32.0,1,0.5,0.4758772113548416,0.21449676588786423,0.309626022757294,0.6744865496044973,0.3255134503955028
2022-06-03,Bordeaux,Troyes,0,2,0.8,0.8,2.0,1.4,1.0,0.8,0,0,1.0,1.0,1,1.0,0.27560735560098704,0.2597890751958558,0.46460356920315726,0.4446968721090191,0.555303127890981
2022-06-03,St Etienne,Metz,1,0,1.2,1.8,2.0,1.0,1.4,1.4,0,0,32.0,1.0,2,0.5,0.5160188741181246,0.2491293959270476,0.23485172995482795,0.45645047353540563,0.5435495264645945
2022-06-03,Rennes,Angers,2,0,1.6,1.6,1.0,0.0,1.0,3.4,0,0,1.0,23.0,1,1.0,0.6821565276038296,0.19339341027842227,0.12445006211774827,0.5158562172845275,0.48414378271547276
2022-06-03,Lille,Clermont,4,0,0.8,1.0,2.2,1.8,1.6,1.2,0,0,1.0,1.0,0,,0.5212896099863451,0.25566915490231296,0.22304123511134188,0.4221382691825767,0.5778617308174233
2022-06-03,Marseille,Monaco,0,1,1.8,2.4,1.8,3.0,2.2,0.4,0,0,62.0,32.0,2,1.0,0.3566635252229393,0.25372987425891674,0.389606600518144,0.4968590490651961,0.5031409509348039
2022-06-03,Reims,Strasbourg,1,1,1.6,2.0,1.0,1.4,1.2,1.6,0,0,1.0,1.0,2,0.5,0.6005222998078518,0.22241688277568153,0.17706081741646695,0.4943022689328422,0.505697731067158
2022-06-05,Lille,Monaco,1,2,1.4,1.8,1.6,3.0,2.0,0.4,0,0,2.0,2.0,1,1.0,0.3405362628448788,0.2616418912034545,0.39782184595166675,0.4461481966921681,0.5538518033078319
2022-06-08,Strasbourg,Monaco,1,2,1.6,1.2,1.2,3.0,1.6,0.4,0,0,5.0,3.0,2,0.75,0.19755927434270223,0.20321888710907557,0.5992218385482222,0.5972211999757485,0.4027788000242513
2022-06-08,Clermont,Paris SG,0,5,1.8,1.6,1.6,2.4,3.0,0.8,0,0,5.0,6.0,1,0.0,0.09033204695265369,0.14265800706586548,0.7670099459814806,0.6449223178602891,0.35507768213971097
2022-06-11,Lorient,Paris SG,1,2,1.8,1.4,2.0,2.4,3.6,0.6,0,0,9.0,3.0,1,0.0,0.05125720048647665,0.09363969509319474,0.8551031044203288,0.7511198768497466,0.24888012315025365
2022-06-11,Clermont,Montpellier,1,1,1.2,1.0,2.4,0.0,1.0,2.8,0,0,3.0,8.0,1,0.0,0.3863216775360293,0.21392945974981256,0.3997488627141581,0.6838234303058567,0.3161765696941433
2022-06-11,Nice,Brest,1,0,0.8,0.6,1.0,1.6,1.0,1.0,0,0,9.0,9.0,3,0.6666666666666666,0.48308130709618513,0.2904945910277506,0.22642410187606432,0.30575694128253056,0.6942430587174695
2022-06-11,Reims,Nantes,1,0,1.2,1.8,1.0,1.2,1.2,2.0,0,0,8.0,8.0,1,1.0,0.5566975770192656,0.25070499019571113,0.19259743278502342,0.3936099043605535,0.6063900956394466
2022-06-11,Toulouse,Monaco,0,2,0.6,1.4,2.4,3.0,1.6,0.4,0,0,63.0,3.0,1,0.0,0.07945777683829755,0.12169060320841611,0.7988516199532862,0.7195812149226674,0.2804187850773324
2022-06-11,Marseille,Lyon,1,0,1.8,2.2,1.6,2.4,2.8,1.2,0,0,8.0,34.0,4,0.375,0.3790707526356205,0.24843635480519677,0.37249289255918283,0.5019895076501034,0.49801049234989675
2022-06-11,Lille,Rennes,1,1,1.2,2.0,2.0,2.2,1.8,0.6,0,0,6.0,8.0,2,1.0,0.37628603298404195,0.28666142002172557,0.3370525469942326,0.3530406150043011,0.6469593849956989
2022-07-01,Bordeaux,Marseille,0,1,0.8,0.4,1.8,2.4,2.4,1.0,0,0,28.0,20.0,2,0.25,0.151618824078808,0.2040461063560791,0.6443350695651129,0.5071153517359172,0.49288464826408274
2022-07-05,Brest,Strasbourg,0,1,1.4,0.8,1.0,1.0,1.2,1.6,0,0,24.0,27.0,3,0.6666666666666666,0.4422563832899201,0.23987305890955868,0.3178705578005211,0.5164064404351024,0.4835935595648975
2022-07-08,Marseille,Reims,4,1,2.4,1.8,0.6,1.6,1.6,0.6,0,0,7.0,27.0,1,0.0,0.42387156021420824,0.29363462795529344,0.2824938118304982,0.30363353399692317,0.6963664660030767
2022-07-08,Toulouse,Nice,1,1,0.6,1.2,2.4,1.4,0.6,0.6,0,0,27.0,27.0,0,,0.18952042840424832,0.24144260888027055,0.5690369627154812,0.3993921948643772,0.6006078051356227
2022-07-08,Angers,Nantes,0,0,0.0,1.0,3.4,1.2,1.0,1.4,0,0,35.0,27.0,1,1.0,0.3670965601534269,0.2454482404958847,0.38745519935068823,0.4882107516787468,0.511789248321253
2022-07-08,Lens,Brest,3,2,0.8,0.6,1.2,0.8,0.4,1.0,0,0,36.0,3.0,1,0.0,0.5572672844409385,0.22995488056131877,0.21277783499774275,0.46645190434743244,0.5335480956525676
2022-07-08,Lille,Auxerre,4,1,1.4,2.0,1.8,0.6666666666666666,0.6666666666666666,1.3333333333333333,0,0,27.0,88.0,0,,0.6951340839510868,0.19616737826598676,0.1086985377829267,0.43231283728950554,0.5676871627104947
2022-07-08,Montpellier,Troyes,3,2,0.2,0.8,2.2,1.8,1.0,0.4,0,0,27.0,35.0,0,,0.34980532190098124,0.22862858810629136,0.4215660899927274,0.5682846309341931,0.43171536906580693
2022-07-08,Rennes,Lorient,0,1,1.8,1.4,0.6,1.2,1.2,2.2,0,0,27.0,27.0,1,0.5,0.7265368428300887,0.16677444752975631,0.10668870964015495,0.5466484769797278,0.4533515230202722
2022-07-09,Lorient,Lyon,3,1,1.8,1.2,1.2,1.8,2.2,1.0,0,0,1.0,28.0,2,0.0,0.18731059812346035,0.19791724763981103,0.6147721542367287,0.5911485957696663,0.40885140423033384
2022-07-10,Lyon,Toulouse,1,1,1.2,1.4,1.6,0.8,1.4,2.4,0,0,1.0,2.0,1,1.0,0.8367435501972122,0.1032403852682403,0.0600160645345476,0.7315900770881275,0.26840992291187243
2022-08-01,Lens,Rennes,1,0,1.4,1.2,1.4,1.6,1.2,0.6,0,0,24.0,24.0,3,0.6666666666666666,0.36827665361921486,0.26924750996192254,0.3624758364188625,0.41759804285458474,0.5824019571454151
2022-08-04,Lorient,St Etienne,6,2,2.4,1.6,0.6,1.2,1.2,1.8,0,0,26.0,62.0,1,0.5,0.47575988780519574,0.2340704732620185,0.29016963893278575,0.5351093172826586,0.46489068271734135
2022-08-05,Paris SG,Troyes,2,2,2.4,3.0,0.6,1.2,1.2,1.0,0,0,55.0,28.0,1,1.0,0.8385285568695726,0.10768979065025842,0.053781652480168925,0.6629078355971719,0.3370921644028279
2022-08-05,Reims,Lens,1,2,1.6,1.8,1.2,1.8,1.2,1.2,0,0,28.0,4.0,3,0.3333333333333333,0.4557333825243566,0.2534577983543831,0.2908088191212604,0.44609233881313576,0.5539076611868643
2022-08-05,Clermont,Montpellier,2,1,1.4,0.8,2.0,0.8,1.2,2.2,0,0,55.0,28.0,2,0.25,0.4038677598153171,0.21390263165948406,0.38222960852519894,0.6705181492060358,0.32948185079396425
2022-08-05,Angers,Bordeaux,4,1,0.2,0.6,2.8,0.2,0.0,1.8,0,0,28.0,35.0,1,1.0,0.5552538531407535,0.23147247048112543,0.2132736763781211,0.4734145150868551,0.5265854849131448
2022-08-05,Metz,Lyon,3,2,1.0,1.4,1.2,0.8,0.8,1.6,0,0,63.0,26.0,1,0.0,0.18889102449057202,0.22385645269702645,0.5872525228124016,0.47428540871240205,0.5257145912875981
2022-08-05,Lorient,Marseille,0,3,2.4,2.6,1.0,2.4,2.2,0.8,0,0,1.0,28.0,0,,0.2914896150983324,0.22450377297031132,0.4840066119313563,0.5766587826144001,0.42334121738559993
2022-08-10,Marseille,Ajaccio,1,2,2.4,1.8,0.4,0.75,1.5,2.0,0,1,5.0,90.0,0,,0.7760681732429071,0.13716805972727622,0.08676376702981685,0.6571159478278438,0.3428840521721564
2022-08-10,Reims,Paris SG,0,0,1.4,1.8,1.4,2.0,2.8,1.0,0,0,5.0,5.0,0,,0.1835703737460701,0.21596422717329058,0.6004653990806395,0.5112444862147306,0.4887555137852694
2022-09-01,Brest,Nice,0,3,0.6,0.6,1.4,1.4,0.6,0.6,0,0,55.0,55.0,4,0.25,0.3252816575533054,0.3141474497548687,0.36057089269182613,0.2812161824903708,0.7187838175096294
2022-09-01,Clermont,Reims,0,0,1.4,0.8,2.2,1.0,0.8,1.4,0,0,27.0,22.0,0,,0.27144910548760187,0.2744665651201432,0.45408432939225485,0.38106123493039135,0.6189387650696088
2022-09-01,Metz,Strasbourg,0,2,1.0,1.2,1.4,1.4,1.2,1.4,0,0,27.0,58.0,2,0.75,0.35209202461348427,0.2471879885775954,0.40071998680892035,0.5146123926759931,0.48538760732400693
2022-09-01,Nantes,Monaco,0,0,0.8,0.4,1.0,3.0,1.8,0.4,0,0,55.0,82.0,2,0.25,0.18522589451387905,0.23811955356972558,0.5766545519163954,0.43534098276926275,0.5646590172307373
2022-09-01,Lyon,Paris SG,1,1,0.8,1.2,1.8,2.2,2.8,0.8,0,0,27.0,22.0,1,0.0,0.22841842138565657,0.21420172826619907,0.5573798503481444,0.5909904198882655,0.4090095801117345
2022-09-04,Reims,Rennes,2,3,1.0,0.6,1.2,1.4,1.0,0.6,0,0,3.0,34.0,4,0.75,0.3495666706486705,0.3465473657833016,0.303885963568028,0.2272166990857782,0.7727833009142218
2022-09-04,Clermont,Paris SG,1,6,1.0,0.6,2.2,1.8,2.0,0.8,0,0,3.0,3.0,2,0.0,0.0830006413104088,0.1550772512272335,0.7619221074623579,0.5904629443104749,0.40953705568952536
2022-09-09,Lens,Troyes,1,0,2.4,1.6,1.2,1.2,1.4,1.2,0,0,35.0,35.0,1,1.0,0.4898313499650241,0.2500979038337013,0.2600707462012747,0.49877582490418615,0.5012241750958139
2022-09-10,Clermont,Auxerre,2,1,1.0,0.8,2.6,0.5,0.75,2.0,0,0,6.0,64.0,0,,0.5420112260990734,0.23378268318391374,0.22420609071701295,0.5248850541186049,0.47511494588139525
2022-09-10,Montpellier,Monaco,0,2,0.8,1.2,2.0,2.6,1.4,0.4,0,0,36.0,9.0,1,1.0,0.14713888282181298,0.17558579159226406,0.6772753255859231,0.6708936012499855,0.32910639875001463
2022-09-10,Brest,Lorient,1,2,0.0,0.4,2.0,1.8,2.2,1.6,0,0,9.0,36.0,2,0.5,0.4055821576047817,0.2433492552717774,0.3510685871234409,0.5613593324793239,0.43864066752067615
2022-09-10,Rennes,Nantes,3,0,1.4,1.2,1.0,1.0,0.4,0.4,0,0,6.0,9.0,2,0.75,0.5410051922610645,0.28061616689700486,0.17837864084193067,0.3205429698814109,0.6794570301185892
2022-09-10,Lille,Lens,1,0,1.4,2.2,1.8,2.4,1.4,1.0,0,0,64.0,1.0,1,1.0,0.48519144466922803,0.24869888756390587,0.2661096677668661,0.4995081625913841,0.5004918374086159
2022-09-10,Angers,Strasbourg,2,3,0.8,1.4,2.0,2.0,1.2,0.6,0,0,36.0,9.0,2,1.0,0.35129813665844883,0.23941114811538286,0.40929071522616817,0.5803668797720324,0.4196331202279674
2022-09-10,Nice,Troyes,3,2,2.0,1.2,0.4,1.0,1.2,1.2,0,0,9.0,1.0,0,,0.4525795117543956,0.31036876894526455,0.23705171930033989,0.2854322528327045,0.7145677471672955
2022-10-04,Lens,Nice,3,0,2.4,1.4,0.8,2.0,1.6,0.8,0,0,24.0,24.0,0,,0.4172004709560667,0.2866157911730092,0.2961837378709241,0.36468527227939646,0.6353147277206036
2022-10-04,Monaco,Troyes,2,1,2.6,1.6,0.4,0.8,1.6,1.8,0,0,24.0,24.0,0,,0.6921643319870626,0.1922318351680075,0.11560383284492995,0.5045575369737078,0.49544246302629213
2022-10-04,Brest,Nantes,1,1,0.0,0.6,2.0,1.0,0.4,0.8,0,0,24.0,24.0,1,0.0,0.3780787502984523,0.29906628889960246,0.3228549608019453,0.33240932787829786,0.6675906721217021
2022-10-04,Angers,Lille,1,1,0.8,1.4,1.6,2.0,2.2,0.8,0,0,24.0,24.0,3,0.5,0.22390400770890392,0.2296086149603274,0.5464873773307688,0.5305938792046766,0.46940612079532346
2022-10-04,Bordeaux,Metz,3,1,0.2,0.2,2.4,0.8,0.8,1.4,0,0,60.0,33.0,2,0.75,0.3401080033119782,0.2712166043934313,0.3886753922945903,0.4279781868102716,0.5720218131897282
2022-10-04,Strasbourg,Lyon,1,1,2.0,1.6,1.0,0.4,1.0,1.8,0,0,24.0,33.0,2,0.0,0.32820649811422875,0.2277426745824061,0.4440508273033652,0.6195475232787694,0.3804524767212307
2022-10-04,Marseille,Montpellier,2,0,2.4,2.0,0.6,0.8,1.0,1.8,0,0,55.0,24.0,3,0.8333333333333334,0.713236042549109,0.1630464379321003,0.12371751951879074,0.6643068585877002,0.3356931414122998
2022-10-09,Marseille,Lille,2,1,2.4,2.2,0.6,1.6,1.6,1.0,0,0,5.0,5.0,3,0.3333333333333333,0.4558272413930493,0.2855577099124793,0.2586150486944714,0.3835364396242769,0.6164635603757231
2022-10-09,Paris SG,Brest,1,0,1.8,2.2,1.0,0.2,0.8,2.0,0,0,35.0,5.0,2,1.0,0.877932085663882,0.08862590987827687,0.03344200445784099,0.709044058524386,0.2909559414756137
2022-11-02,Paris SG,Rennes,1,0,1.8,2.0,0.8,1.4,1.4,1.0,0,0,24.0,53.0,3,0.5,0.6459720351183779,0.21773438599464123,0.1362935788869809,0.4776303045171002,0.5223696954828999
2022-11-03,Lille,St Etienne,0,0,1.6,1.6,1.0,1.2,1.6,2.6,0,1,25.0,90.0,0,,0.710429903592868,0.17584724191420836,0.1137228544929238,0.5953257714616704,0.4046742285383298
2022-11-05,Nice,St Etienne,4,2,2.0,1.6,1.2,1.4,1.6,2.2,0,0,32.0,2.0,1,0.0,0.583091626532195,0.2450695804354509,0.1718387930323539,0.44429794206750745,0.5557020579324925
2022-11-05,Nantes,Rennes,2,1,0.6,0.2,1.0,1.2,1.2,1.0,0,0,32.0,3.0,3,0.16666666666666666,0.22840631558182672,0.3100535534051634,0.46154013101300984,0.3009486295001756,0.6990513704998245
2022-11-09,Rennes,Auxerre,5,0,1.2,1.4,1.2,0.4,0.8,2.0,0,0,4.0,60.0,0,,0.8006231296287472,0.1402575654124618,0.05911930495879103,0.5836586767959117,0.41634132320408834
2022-11-09,Lorient,Nantes,3,2,2.4,2.4,1.4,1.2,0.6,1.0,0,0,60.0,4.0,2,0.0,0.4648693635648964,0.24924850898021675,0.28588212745488667,0.5392716674765635,0.46072833252343653
2022-11-09,Angers,Montpellier,2,1,1.0,1.4,1.4,0.8,1.0,1.8,0,0,36.0,36.0,1,0.5,0.4652215955090802,0.22293183392237154,0.3118465705685483,0.6752725378521416,0.32472746214785847
2022-11-09,Ajaccio,Nice,0,1,1.2,1.6,1.8,2.0,2.2,1.6,1,0,90.0,4.0,0,,0.39544211597119083,0.25497365218846346,0.3495842318403457,0.537309480729324,0.462690519270676
2022-11-09,Strasbourg,Clermont,0,0,2.0,1.6,1.0,1.6,1.2,1.8,0,0,36.0,60.0,0,,0.6575711542515262,0.19019610584874536,0.15223273989972833,0.6374050114867491,0.36259498851325084
2022-11-09,Monaco,Lyon,2,1,2.6,1.6,0.4,0.6,1.2,1.8,0,0,36.0,36.0,3,0.3333333333333333,0.5786120504579132,0.23726117489204093,0.18412677465004595,0.48970474748750886,0.5102952525124912
2022-11-09,Toulouse,Reims,1,0,1.0,1.2,1.6,0.4,0.8,1.8,1,0,90.0,66.0,0,,0.24413487822711194,0.2795208824454473,0.47634423932744063,0.3976995200010183,0.6023004799989817
2022-11-11,Lyon,Nice,1,1,0.6,1.2,1.6,2.4,2.2,1.4,0,0,2.0,2.0,1,0.0,0.5136417671758983,0.2524770312369991,0.23388120158710257,0.4810434296997021,0.5189565703002981
2022-12-02,Lyon,Nice,2,0,0.6,1.2,1.6,2.0,1.8,1.6,0,0,21.0,21.0,2,0.25,0.4945399561119929,0.26196358790891067,0.24349645597909625,0.46334810450819064,0.5366518954918091
2022-12-02,Montpellier,Lille,0,1,0.6,1.0,2.0,1.6,1.4,0.8,0,0,23.0,29.0,1,0.0,0.26419625443064965,0.24503873484919028,0.4907650107201602,0.547566858638041,0.452433141361959
2022-12-03,Troyes,Nantes,1,0,0.2,1.4,2.2,1.0,1.0,1.6,0,0,60.0,24.0,1,0.0,0.4843953713376564,0.2660631193673121,0.24954150929503152,0.44122757292582787,0.5587724270741722
2022-12-03,Montpellier,Nice,0,0,0.0,0.4,1.8,1.4,1.2,1.6,0,0,1.0,1.0,2,1.0,0.2967398781695031,0.25377284987432985,0.4494872719561671,0.5182456794035497,0.4817543205964504
2022-12-08,Nantes,Lille,1,1,0.8,1.0,1.8,1.6,0.8,0.6,0,0,5.0,6.0,3,0.0,0.2784373803115796,0.3086352329733382,0.4129273867150824,0.3269981388097502,0.67300186119025
2022-12-11,Lens,Clermont,2,1,2.4,1.4,0.4,1.6,1.0,1.6,0,0,68.0,32.0,1,0.5,0.7286406499124413,0.17462731308112267,0.09673203700643598,0.5772285833477625,0.42277141665223755
2022-12-11,Rennes,Toulouse,2,1,1.8,2.4,1.0,1.0,0.6,1.2,0,0,32.0,32.0,0,,0.6956119129741902,0.20086843639150473,0.10351965063430514,0.4876196511589744,0.5123803488410256
2023-01-01,Angers,Lorient,1,2,1.6,1.8,1.2,2.4,2.8,1.8,0,0,53.0,53.0,2,0.5,0.41185193877062587,0.22264041832896658,0.3655076429004075,0.7043778106633006,0.2956221893366992
2023-01-01,Monaco,Brest,1,0,2.6,1.6,0.4,0.2,0.8,2.0,0,0,53.0,84.0,1,0.0,0.7573801484198991,0.17215376997847623,0.07046608160162474,0.500990598324335,0.4990094016756651
2023-01-01,Nantes,Auxerre,1,0,1.0,1.2,1.4,0.2,0.6,2.8,0,0,24.0,53.0,0,,0.764578884301823,0.15651001523272817,0.07891110046544882,0.5996831830370923,0.4003168169629078
2023-01-01,Toulouse,Ajaccio,2,0,1.0,0.8,1.2,1.2,1.4,1.4,0,0,21.0,53.0,0,,0.4143176491448973,0.26232650375124766,0.3233558471038551,0.5121298844391047,0.48787011556089543
2023-01-01,Lyon,Clermont,0,1,1.2,1.2,1.0,1.0,0.8,1.8,0,0,30.0,21.0,0,,0.7544078577248498,0.15868524213427082,0.08690690014087944,0.6186417685018365,0.38135823149816367
2023-01-01,Lens,Paris SG,3,1,2.4,1.6,0.6,2.2,1.8,0.4,0,0,21.0,60.0,3,0.5,0.19835380531393032,0.2379889023492548,0.5636572923368148,0.5175860087601079,0.4824139912398923
2023-01-02,Nantes,Marseille,0,2,1.4,1.2,1.2,2.4,2.4,0.8,0,0,1.0,85.0,1,0.0,0.2465021653705179,0.2858119278374037,0.4676859067920782,0.3635429018609566,0.6364570981390433
2023-01-02,Reims,Lorient,4,2,0.4,0.6,1.2,2.4,2.6,1.8,0,0,54.0,1.0,2,0.5,0.5262834819087181,0.2367855510598201,0.23693096703146171,0.535676545495191,0.46432345450480905
2023-01-02,Toulouse,Troyes,4,1,1.6,1.2,0.8,0.8,1.2,1.6,0,0,1.0,30.0,0,,0.38345657574281655,0.2708379043022579,0.34570551995492566,0.4512143773530543,0.5487856226469459
2023-01-02,Lens,Nice,0,1,2.4,1.8,0.6,1.6,1.2,1.0,0,0,1.0,30.0,1,1.0,0.5216929530889002,0.2611221648538234,0.21718488205727632,0.4221797461515217,0.5778202538484783
2023-01-02,Lyon,Brest,0,0,1.0,1.0,1.0,0.2,0.4,1.6,0,0,1.0,1.0,1,0.5,0.6384830523885314,0.22216352728438563,0.1393534203270829,0.4580489055131733,0.5419510944868267
2023-01-02,Angers,Ajaccio,1,2,1.4,2.0,1.6,1.2,1.4,1.6,0,0,1.0,1.0,0,,0.4845974772126006,0.244553019805872,0.2708495029815274,0.5308719672246696,0.4691280327753303
2023-01-02,Montpellier,Paris SG,1,3,0.2,0.2,1.4,2.0,2.0,1.0,0,0,30.0,1.0,3,0.0,0.09351260891221037,0.13961171763723024,0.7668756734505594,0.7130456700149115,0.2869543299850885
2023-01-02,Rennes,Strasbourg,3,0,1.8,2.2,0.8,2.2,1.4,0.6,0,0,22.0,54.0,1,1.0,0.6181505616218808,0.21935543772999763,0.16249400064812167,0.5096015124913996,0.4903984875086005
2023-01-02,Lille,Clermont,0,0,1.2,0.8,0.8,1.4,1.0,1.8,0,0,25.0,1.0,1,1.0,0.6409401762059297,0.22720452494678925,0.13185529884728103,0.4268958966361294,0.5731041033638706
2023-01-02,Monaco,Auxerre,3,2,2.6,1.4,0.4,0.2,0.6,2.6,0,0,1.0,1.0,0,,0.9364973294180827,0.050646052798630624,0.012856617783286776,0.7517910491870207,0.24820895081297945
2023-01-04,Auxerre,Troyes,1,0,0.0,0.8,3.0,0.6,1.0,2.0,0,0,2.0,2.0,1,0.5,0.24180572419786395,0.2227998867674468,0.5353943890346894,0.6044973823076718,0.39550261769232836
2023-01-04,Rennes,Lens,0,1,1.8,2.2,0.8,1.8,1.6,0.8,0,0,2.0,2.0,4,0.25,0.49882727657842074,0.2645343703760291,0.2366383530455502,0.42731446000700113,0.5726855399929989
2023-01-09,Nantes,Marseille,1,1,0.8,0.8,1.4,2.4,2.0,0.6,0,0,7.0,7.0,2,0.0,0.21811677186771755,0.273837247929055,0.5080459802032274,0.3602965292409138,0.6397034707590862
2023-01-10,Rennes,Nantes,3,1,1.8,2.2,0.8,1.0,0.6,1.0,0,0,6.0,1.0,4,0.625,0.6417092894984406,0.23311413806735234,0.125176572434207,0.38463139019537734,0.6153686098046226
2023-01-10,Reims,Lyon,2,0,1.0,1.2,1.2,1.0,0.8,0.8,0,0,8.0,8.0,2,0.75,0.38025326741559756,0.2832049009824511,0.3365418316019513,0.3900637970414376,0.6099362029585622
2023-01-10,Le Havre,Lille,0,2,,,,1.2,0.6,0.6,0,0,,8.0,0,,,,,,
2023-01-10,Nice,Brest,0,0,1.6,0.6,0.6,0.4,0.4,1.0,0,0,8.0,8.0,5,0.8,0.5364317137199746,0.29131510873217265,0.17225317754785283,0.2864469513781363,0.7135530486218639
2023-01-10,Toulouse,Metz,3,0,2.0,1.8,0.8,0.8,0.8,1.6,0,1,8.0,90.0,0,,0.7036369694193705,0.17354771627884347,0.12281531430178604,0.6141882036979793,0.38581179630202056
2023-01-10,Lorient,Montpellier,0,3,1.8,1.8,2.2,0.2,0.4,1.6,0,0,8.0,8.0,1,0.5,0.5890705766717383,0.18100980106075631,0.22991962226750534,0.7865468794041428,0.2134531205958572
2023-01-12,Reims,Strasbourg,2,1,1.4,1.6,1.2,1.6,1.2,1.2,0,0,2.0,10.0,3,0.5,0.5529911929032363,0.2405511858399811,0.2064576212567826,0.47766942680614816,0.5223305731938517
2023-02-01,Strasbourg,Troyes,2,3,1.0,1.0,1.6,0.6,1.0,2.0,0,0,20.0,28.0,0,,0.48755727046508807,0.24290320897382175,0.26953952056109026,0.5273296797936099,0.4726703202063903
2023-02-01,Lille,Reims,1,1,1.8,0.8,0.2,1.8,2.0,1.4,0,0,22.0,20.0,1,0.0,0.4324579038676819,0.30875347942899034,0.2587886167033277,0.2987280911543127,0.7012719088456874
2023-02-01,Montpellier,Marseille,1,2,0.8,1.0,1.2,2.0,1.6,0.8,0,0,22.0,23.0,4,0.125,0.2352376605428052,0.2341966639919286,0.5305656754652661,0.5354743961832542,0.4645256038167458
2023-02-01,Rennes,Nice,2,1,2.4,2.6,0.6,1.2,0.4,0.6,0,0,22.0,22.0,3,0.16666666666666666,0.5051531005091029,0.29145243965895673,0.20339445983194038,0.3131056471775008,0.6868943528224993
2023-02-04,Lille,Lorient,3,1,1.8,1.0,0.4,1.8,1.8,2.2,0,0,3.0,25.0,2,0.0,0.6428264452951629,0.19835364940646866,0.15881990529836837,0.5918795448674731,0.40812045513252676
2023-02-04,Angers,Nice,1,1,0.8,1.4,1.8,1.0,0.4,0.8,0,0,33.0,3.0,3,0.16666666666666666,0.25626623796148684,0.27118249368586533,0.4725512683526476,0.41465949523452106,0.5853405047654787
2023-02-04,Brest,Toulouse,3,1,0.6,0.2,0.6,2.4,2.2,0.6,0,0,25.0,25.0,2,0.75,0.2962824213979331,0.28827500168276443,0.4154425769193026,0.37555635373170937,0.6244436462682907
2023-02-04,Clermont,Ajaccio,2,1,1.6,0.8,0.6,1.8,1.6,1.4,0,0,33.0,33.0,1,1.0,0.40718981414683436,0.2791760843453729,0.313634101507793,0.4114206600366992,0.5885793399633009
2023-02-04,Nantes,Reims,0,3,1.0,0.8,1.4,2.0,1.8,1.0,0,0,25.0,3.0,2,0.0,0.2826319074932667,0.3030606655811202,0.4143074269256132,0.32681002372029583,0.6731899762797042
2023-02-04,Monaco,Strasbourg,4,3,3.0,2.0,0.8,0.4,0.8,1.8,0,0,33.0,3.0,3,0.5,0.7417009210448409,0.15917843314704377,0.09912064580811525,0.6269192031764239,0.3730807968235761
2023-02-04,Paris SG,Lyon,0,1,2.4,2.4,1.0,1.0,0.6,0.8,0,0,33.0,25.0,2,0.75,0.7127362966115967,0.17240976395613986,0.1148539394322633,0.6099769047211094,0.39002309527889045
2023-02-05,Toulouse,Lens,0,1,1.8,2.2,1.2,2.4,1.8,0.6,0,0,1.0,32.0,0,,0.3254999163598944,0.2400641620174731,0.4344359216226326,0.5643348233483093,0.4356651766516906
2023-02-09,Monaco,Lens,3,0,3.0,2.4,1.4,2.4,1.4,0.6,0,0,5.0,4.0,0,,0.48487519305909565,0.25395979788025935,0.2611650090606452,0.46145067118322897,0.5385493288167712
2023-02-09,Brest,Rennes,0,0,1.0,0.6,0.6,2.4,2.0,0.8,0,0,5.0,8.0,2,0.25,0.22816297061945887,0.29061582976424033,0.48122119961630094,0.3214556824319229,0.6785443175680774
2023-02-12,Nantes,Nice,1,0,0.8,0.6,1.8,1.2,0.6,0.6,0,0,8.0,8.0,4,0.25,0.2740916946343387,0.3112874041118208,0.4146209012538405,0.2937934697958783,0.7062065302041217
2023-02-12,Lens,Lyon,3,2,1.8,1.0,1.0,1.4,0.6,0.6,0,0,3.0,8.0,3,0.5,0.4471208894288704,0.2715317455310444,0.2813473650400851,0.41561323296696245,0.5843867670330375
2023-03-03,Nice,Auxerre,1,1,1.0,0.6,0.8,0.6,0.8,2.2,0,0,19.0,58.0,0,,0.6939034031079087,0.1952511714124218,0.1108454254796695,0.47439643799537107,0.5256035620046289
2023-03-05,Brest,Nantes,2,0,1.2,0.6,0.4,0.8,0.6,1.8,0,0,24.0,21.0,2,0.25,0.4374140922269682,0.31740332132531,0.24518258644772178,0.2672973769003239,0.7327026230996762
2023-03-06,Ajaccio,Marseille,1,0,1.2,1.0,1.4,2.6,1.8,0.6,0,0,30.0,33.0,1,1.0,0.20672799850184725,0.23971634378473153,0.5535556577134213,0.471649029423988,0.528350970576012
2023-03-06,Brest,Rennes,1,2,1.8,1.0,0.2,2.0,1.6,0.6,0,0,1.0,25.0,3,0.3333333333333333,0.24714850860017754,0.3139276775850077,0.4389238138148147,0.2755381268306254,0.7244618731693746
2023-03-06,Troyes,Lille,1,1,1.2,1.2,1.8,1.8,1.4,0.6,0,0,33.0,30.0,2,0.5,0.31148012110905277,0.28152548713504244,0.4069943917559046,0.3874915763893795,0.6125084236106204
2023-03-06,Reims,Montpellier,1,3,2.6,2.4,0.8,0.8,1.0,1.2,0,0,30.0,33.0,0,,0.6386836974541658,0.20504299561970044,0.15627330692613378,0.5395956379316736,0.46040436206832647
2023-03-06,Paris SG,Clermont,2,3,1.8,1.2,1.0,1.6,0.8,0.6,0,0,30.0,30.0,3,1.0,0.8302972693942674,0.11607967684120067,0.053623053764531706,0.6476594595173321,0.3523405404826679
2023-03-06,Nice,Lyon,3,1,0.6,0.6,1.0,0.8,0.6,1.2,0,0,3.0,22.0,3,0.5,0.35698232957508225,0.30214962582621135,0.34086804459870634,0.3265795216089342,0.6734204783910656
2023-03-06,Nantes,Angers,1,0,0.8,0.6,1.8,1.0,1.2,1.4,0,0,1.0,30.0,2,0.25,0.4630258160417492,0.26314284622180595,0.2738313377364445,0.43805907625122953,0.5619409237487702
2023-03-06,Lorient,Strasbourg,2,1,1.2,1.6,2.6,0.2,1.2,2.4,0,0,30.0,30.0,0,,0.45030798879103157,0.19718478001856335,0.35250723119040506,0.792828266865849,0.20717173313415105
2023-03-06,Auxerre,Lens,1,3,0.8,0.8,2.0,1.8,1.0,1.2,0,0,3.0,22.0,0,,0.1717858943068166,0.20574881312361168,0.6224652925695716,0.565005347221315,0.4349946527786849
2023-03-06,Monaco,Toulouse,1,2,3.0,2.6,1.2,1.8,2.0,1.0,0,0,25.0,29.0,2,1.0,0.7083964230120415,0.16990749693827933,0.12169608004967912,0.6251010388177543,0.3748989611822458
2023-03-09,Toulouse,Clermont,2,2,1.8,2.0,1.2,2.0,1.4,1.0,0,0,3.0,3.0,1,0.0,0.5457791753043851,0.228157570187954,0.22606325450766093,0.5343622587105968,0.46563774128940305
2023-03-09,Metz,Reims,2,2,0.6,0.8,2.2,2.0,1.8,1.0,0,0,58.0,3.0,0,,0.18691129428241848,0.24529352706686675,0.5677951786507147,0.421673608782507,0.5783263912174931
2023-03-09,Lyon,Paris SG,1,4,0.8,0.8,1.6,1.2,1.4,1.6,0,0,3.0,3.0,3,0.5,0.2697472719694474,0.22962818713164884,0.5006245408989038,0.5697635073392309,0.4302364926607693
2023-03-09,Nice,Strasbourg,2,0,1.0,1.2,1.2,0.0,1.4,2.8,0,0,3.0,3.0,1,0.0,0.5442554317140716,0.23815521651316449,0.21758935177276376,0.4828058802249834,0.5171941197750166
2023-03-09,Lille,Montpellier,1,0,1.8,1.4,0.6,1.4,1.6,1.2,0,0,3.0,3.0,2,1.0,0.5901018933768385,0.2240180134374871,0.18588009318567472,0.5007837808094487,0.4992162191905515
2023-03-09,Le Havre,Lorient,3,0,0.0,0.0,2.0,1.2,1.4,2.4,0,0,58.0,3.0,0,,0.0467844942927907,0.13851785374447706,0.8146976519627322,0.5007178168714737,0.4992821831285262
2023-03-11,Paris SG,Montpellier,3,0,1.2,2.0,1.8,1.2,1.6,1.4,0,0,2.0,2.0,4,1.0,0.8242483077949635,0.10728875094495842,0.06846294126007818,0.7708209463281732,0.22917905367182678
2023-03-12,Toulouse,Lorient,1,1,1.4,1.6,1.4,0.6,1.0,2.8,0,0,3.0,3.0,0,,0.6538373626867146,0.16789938019265693,0.17826325712062846,0.762038695938919,0.2379613040610808
2023-03-12,Lille,Metz,2,0,2.2,1.6,0.6,0.8,1.2,2.4,0,0,3.0,3.0,3,0.6666666666666666,0.7283093015355029,0.1821727372668865,0.08951796119761082,0.4702171281444995,0.5297828718555008
2023-03-12,Monaco,Montpellier,2,0,2.4,2.4,1.4,1.2,1.4,1.4,0,0,6.0,1.0,2,0.5,0.7226503238576738,0.16045097318721185,0.11689870295511426,0.6491729697092107,0.35082703029078927
2023-03-12,Brest,Clermont,3,0,1.6,1.2,0.6,2.2,1.6,1.0,0,0,6.0,3.0,1,1.0,0.4053177149063383,0.29139574776293037,0.3032865373307313,0.34461626443513577,0.6553837355648641
2023-03-12,Le Havre,Paris SG,0,2,1.5,1.5,1.0,1.8,2.4,1.2,0,0,3.0,1.0,0,,0.22628169826744962,0.24022567216937443,0.533492629563176,0.4793654376563053,0.5206345623436948
2023-03-12,Marseille,Rennes,2,0,2.0,1.4,0.8,2.0,1.4,0.8,0,0,6.0,6.0,2,1.0,0.4014558212452538,0.28767331070130364,0.31087086805344244,0.35774953787372343,0.6422504621262765
2023-04-02,Paris SG,Toulouse,2,1,1.8,2.2,1.0,1.0,1.2,1.6,0,0,21.0,21.0,0,,0.7789156916152169,0.1353889712042847,0.08569533718049824,0.6894923241563867,0.31050767584361305
2023-04-02,Troyes,Lyon,1,3,1.4,1.2,1.6,0.6,1.0,2.4,0,0,27.0,24.0,0,,0.35792631361237454,0.24989047120254337,0.3921832151850819,0.5226949742940381,0.47730502570596184
2023-04-02,Rennes,Lille,1,3,2.0,1.4,1.0,2.2,1.6,0.6,0,0,21.0,21.0,3,0.16666666666666666,0.43697545873644406,0.30743533250112604,0.2555892087624297,0.29466122176527476,0.705338778234725
2023-04-03,Lens,Lille,1,1,2.4,1.6,1.2,2.6,2.0,0.6,0,0,28.0,1.0,2,0.0,0.4026831946620727,0.29092474170744836,0.306392063630479,0.35932618809872213,0.640673811901278
2023-04-03,Paris SG,Nantes,4,2,2.4,2.6,1.0,1.2,0.6,1.6,0,0,1.0,28.0,3,1.0,0.821663430911798,0.12399422334922873,0.054342345738973175,0.6123278781077415,0.3876721218922584
2023-04-11,Marseille,Lille,0,0,2.0,1.4,0.6,2.2,1.6,0.6,0,0,30.0,8.0,4,0.5,0.4277115836233816,0.30977819246095334,0.26251022391566525,0.2993945945716758,0.7006054054283244
2023-04-11,Lorient,Lens,0,0,0.8,0.8,2.2,2.0,1.6,1.4,0,0,30.0,8.0,2,0.5,0.24200691969274174,0.2105125053699723,0.547480574937286,0.6569310425922795,0.3430689574077204
2023-05-02,Marseille,Nice,1,3,1.6,1.0,0.6,1.6,1.4,0.8,0,0,21.0,54.0,0,,0.49451205534321857,0.30981228335132144,0.19567566130546,0.2859698440742143,0.7140301559257857
2023-05-02,Strasbourg,Montpellier,2,0,0.0,1.4,2.6,0.6,0.8,1.8,0,0,54.0,51.0,2,0.25,0.4565629942347406,0.23071344124221138,0.3127235645230479,0.6448682584667396,0.3551317415332604
2023-05-02,Brest,Lens,1,1,2.0,1.8,0.6,1.6,1.4,1.4,0,0,51.0,21.0,2,0.5,0.29676203792458644,0.3124081580845285,0.39082980399088496,0.3253970170935442,0.6746029829064557
2023-05-02,Auxerre,Reims,0,0,0.8,1.0,1.6,1.6,1.8,1.4,0,0,57.0,54.0,0,,0.20287408567890428,0.23663326459924972,0.5604926497218459,0.5238193078227636,0.4761806921772363
2023-05-02,Clermont,Monaco,0,2,1.6,1.4,1.6,2.4,2.6,1.4,0,0,51.0,51.0,0,,0.20470001994058407,0.2384519516280867,0.5568480284313293,0.5186955654918547,0.48130443450814525
2023-05-02,Ajaccio,Nantes,0,2,1.2,0.8,1.2,1.2,0.8,1.8,0,0,57.0,29.0,0,,0.4811957621770903,0.2799100924101983,0.23889414541271126,0.39906287536100554,0.6009371246389945
2023-05-02,Lorient,Angers,0,0,1.0,0.8,1.6,0.8,1.0,1.4,0,0,21.0,57.0,3,0.6666666666666666,0.5298576562021964,0.21964595735199818,0.2504963864458052,0.6523116490219921,0.34768835097800777
2023-05-03,Toulouse,Clermont,0,1,1.0,1.2,1.4,1.4,1.4,2.0,0,0,31.0,1.0,2,0.25,0.5439467972777843,0.24379838644139182,0.2122548162808239,0.5409693321089776,0.4590306678910224
2023-05-03,Troyes,Monaco,2,2,0.8,1.2,2.2,2.4,2.4,1.0,0,0,31.0,1.0,1,0.0,0.17839263557156904,0.23218439817855932,0.5894229662498716,0.542691786346558,0.457308213653442
2023-05-03,Strasbourg,Brest,0,1,0.6,1.6,2.2,1.6,1.4,0.6,0,0,1.0,1.0,4,0.5,0.3818079327015121,0.28834727727111953,0.3298447900273683,0.44095215960776135,0.5590478403922385
2023-05-03,Rennes,Marseille,0,1,1.4,1.0,1.4,1.4,1.0,1.0,0,0,31.0,1.0,3,0.0,0.412738256828999,0.29728399937364974,0.289977743797351,0.3994838997231301,0.6005161002768697
2023-05-03,Lyon,Lorient,0,0,1.2,1.6,2.2,1.2,0.6,1.0,0,0,31.0,1.0,3,0.6666666666666666,0.6604138322492651,0.18924890287911636,0.15033726487161853,0.6762790490820991,0.3237209509179009
2023-05-03,Reims,Ajaccio,1,0,1.2,1.4,1.2,1.2,0.8,1.4,0,0,1.0,1.0,0,,0.5876123119231094,0.2557956731044178,0.15659201497247285,0.42341716955042397,0.5765828304495761
2023-05-03,Montpellier,Angers,5,0,0.6,0.6,1.8,0.4,0.6,1.2,0,0,1.0,1.0,2,0.25,0.5131417091087669,0.2527355941514883,0.23412269673974484,0.5280167892933667,0.47198321070663324
2023-05-11,Toulouse,Le Havre,1,2,1.0,1.2,1.4,1.0,1.0,1.3333333333333333,0,0,8.0,60.0,0,,0.45024314797192133,0.2903673098363057,0.25938954219177296,0.38893721428164174,0.6110627857183583
2023-05-11,Nice,Rennes,2,0,2.0,1.8,0.8,0.8,0.6,1.4,0,0,9.0,8.0,4,0.625,0.38062108679310763,0.31206954738633524,0.30730936582055696,0.3385395644713413,0.6614604355286585
2023-05-11,Lyon,Metz,1,1,0.8,1.4,2.2,0.2,0.6,2.4,0,0,8.0,60.0,2,0.5,0.7303508435052037,0.17218548859315602,0.09746366790164031,0.5982714178985612,0.401728582101439
2023-05-11,Nantes,Reims,0,1,1.8,1.2,1.2,1.6,1.4,1.0,0,0,9.0,8.0,3,0.0,0.29567053936584664,0.3058939931109053,0.3984354675232481,0.35446265130911514,0.645537348690885
2023-05-11,Monaco,Brest,2,0,2.0,2.0,0.8,2.0,1.6,0.6,0,0,8.0,8.0,2,0.5,0.601466944927787,0.25086981242405115,0.14766324264816177,0.4069982374011202,0.5930017625988797
2023-05-11,Strasbourg,Clermont,0,0,0.6,1.2,1.8,1.4,1.2,1.8,0,0,8.0,8.0,1,0.5,0.44343813129460713,0.2545676737256677,0.30199419497972513,0.5450389531981584,0.45496104680184146
2023-06-05,Nice,Rennes,2,1,2.6,2.2,0.6,0.6,0.6,1.8,0,0,25.0,25.0,5,0.7,0.41358184777267415,0.31103965773858244,0.2753784944887433,0.3442555773652656,0.6557444226347345
2023-06-05,Lens,Marseille,2,1,1.8,1.6,1.0,1.4,0.8,0.8,0,0,34.0,33.0,1,0.5,0.38619166713538744,0.30073482640972166,0.31307350645489085,0.38693477135397547,0.6130652286460243
2023-06-05,Reims,Lille,1,0,1.6,1.0,1.0,2.2,1.4,0.4,0,0,25.0,55.0,2,0.75,0.30404024299401017,0.33931725297306015,0.3566425040329298,0.27502707713441116,0.724972922865589
2023-06-10,Strasbourg,Nantes,1,2,0.8,0.6,1.0,1.2,1.0,1.4,0,0,30.0,30.0,3,0.8333333333333334,0.46472411477569003,0.271699983572832,0.2635759016514781,0.45970980478493056,0.5402901952150696
2023-06-12,Marseille,Lyon,3,0,1.4,1.0,1.0,1.0,1.2,1.8,0,0,7.0,32.0,5,0.5,0.5120756021881032,0.2664149554657455,0.22150944234615128,0.4458761065966576,0.5541238934033422
2023-07-04,Lens,Strasbourg,2,1,1.8,1.4,0.8,0.8,0.6,1.0,0,0,29.0,24.0,2,0.0,0.6658983056965389,0.19903484445743003,0.13506684984603112,0.5819373234637804,0.41806267653621976
2023-07-05,Ajaccio,Toulouse,0,0,1.2,0.8,1.2,0.4,1.0,1.6,0,0,63.0,55.0,1,0.0,0.3051636025328684,0.285833353342746,0.4090030441243856,0.4264254418765134,0.5735745581234865
2023-07-05,Auxerre,Clermont,1,1,1.0,1.0,1.4,1.0,0.6,1.4,0,0,64.0,55.0,1,0.0,0.2893251603106086,0.2900051791804742,0.4206696605089173,0.40652352205199405,0.5934764779480062
2023-07-05,Lorient,Brest,2,1,0.8,0.2,0.8,1.4,1.2,1.0,0,0,63.0,55.0,3,0.6666666666666666,0.3371061056233063,0.29414100300410934,0.36875289137258443,0.4031236986896389,0.5968763013103611
2023-07-05,Nantes,Strasbourg,0,2,1.8,1.4,1.2,0.8,0.8,1.0,0,0,25.0,1.0,4,0.375,0.43529910630291824,0.2733129886123352,0.29138790508474655,0.46767338602928055,0.5323266139707195
2023-07-05,Lyon,Montpellier,5,4,1.0,1.0,1.8,0.6,1.0,1.6,0,0,23.0,63.0,0,,0.5250725707315222,0.23568501436340544,0.23924241490507225,0.5847273910584333,0.4152726089415667
2023-07-05,Troyes,Paris SG,1,3,1.0,1.4,1.8,3.0,3.0,0.8,0,1,63.0,90.0,2,0.25,0.14496132114949498,0.18045117456784457,0.6745875042826603,0.6889022438025448,0.3110977561974552
2023-07-05,Angers,Monaco,1,2,0.4,0.4,1.8,2.0,1.8,0.8,0,0,63.0,55.0,4,0.0,0.10885310514331364,0.18397154650797062,0.7071753483487158,0.5821725490451071,0.417827450954893
2023-07-10,Reims,Monaco,1,3,2.2,1.0,0.4,2.6,2.0,0.6,0,0,35.0,5.0,2,0.25,0.28735478087237654,0.302186485052883,0.4104587340747405,0.385492659513865,0.6145073404861351
2023-07-10,Metz,Nice,0,1,0.4,0.8,2.2,3.0,2.4,0.6,0,0,60.0,35.0,2,0.25,0.1695214038670657,0.27008187661506455,0.5603967195178696,0.3979704822235099,0.6020295177764902
2023-07-12,Brest,Strasbourg,1,1,1.4,1.2,1.0,0.8,0.8,1.0,0,0,7.0,7.0,5,0.6,0.457452235213509,0.291975750977812,0.25057201380867916,0.39661659760501744,0.6033834023949826
2023-08-04,Angers,Lille,1,0,0.4,0.4,1.8,1.6,1.2,0.6,0,0,30.0,60.0,4,0.5,0.15332264413378607,0.26839892901569284,0.5782784268505212,0.3842741839284453,0.6157258160715547
2023-08-04,Nice,Paris SG,0,2,3.0,2.0,0.4,3.0,2.8,0.8,0,0,25.0,30.0,3,0.5,0.26027775727607805,0.2825532314079179,0.45716901131600396,0.4419257086257109,0.5580742913742891
2023-08-10,Lyon,Lorient,3,3,1.6,1.8,1.8,1.4,0.6,0.4,0,0,36.0,36.0,4,0.625,0.6055205137987729,0.20579464903642866,0.18868483716479859,0.6627242474680463,0.33727575253195397
2023-08-10,Marseille,Le Havre,3,0,1.4,1.2,1.0,1.5,1.25,1.25,0,1,59.0,90.0,0,,0.5124539691412102,0.2789435526211069,0.20860247823768316,0.4013166926517383,0.5986833073482618
2023-08-10,Rennes,Paris SG,1,3,0.0,0.4,2.0,3.0,2.6,0.8,0,0,66.0,6.0,4,0.375,0.22560284131807692,0.24445792543014558,0.5299392332517774,0.5442702164715854,0.4557297835284146
2023-08-10,Lens,Lille,1,1,1.8,1.2,0.8,1.0,0.8,0.8,0,0,37.0,6.0,3,0.16666666666666666,0.3898066150035209,0.32446646507626714,0.2857269199202118,0.309366554683183,0.6906334453168169
2023-08-10,Brest,Toulouse,1,1,1.0,0.8,1.2,0.4,0.6,1.2,0,0,29.0,36.0,3,0.8333333333333334,0.40389109533953216,0.3142053935220165,0.28190351113845125,0.33680192111012547,0.6631980788898744
2023-08-12,Montpellier,Lens,0,0,0.6,1.8,2.4,1.8,1.2,0.8,0,0,38.0,2.0,1,1.0,0.30160989701790436,0.24872106135018254,0.4496690416319129,0.6023441598397199,0.39765584016028
2023-09-04,Lorient,Marseille,0,0,1.4,1.0,0.8,1.8,1.8,1.0,0,0,25.0,25.0,1,0.0,0.1960102596718168,0.24419105505990898,0.5597986852682741,0.5461661086768326,0.4538338913231672
2023-09-04,Nantes,Monaco,2,2,1.2,1.2,1.6,2.6,2.2,0.8,0,0,61.0,56.0,3,0.3333333333333333,0.14836195592383933,0.24517592499449525,0.6064621190816655,0.4714320607327913,0.5285679392672087
2023-09-04,Troyes,Clermont,0,2,1.0,1.6,2.2,1.0,0.4,1.2,0,0,61.0,61.0,0,,0.44375488807470087,0.27421103600825414,0.282034075917045,0.5051929675186375,0.49480703248136254
2023-09-04,Reims,Brest,1,1,2.0,0.8,0.6,1.0,0.8,1.2,0,0,56.0,25.0,1,1.0,0.4537965830331504,0.32760126261726696,0.21860215434958258,0.2993804782462893,0.7006195217537106
2023-09-04,Montpellier,Toulouse,1,2,0.8,1.8,1.8,0.4,0.6,1.2,0,0,23.0,25.0,2,0.5,0.45189509779841297,0.2576606377379768,0.2904442644636101,0.5750131881953126,0.4249868118046873
2023-09-04,Ajaccio,Auxerre,0,3,0.8,0.4,1.0,1.2,0.8,1.0,0,0,61.0,61.0,0,,0.44478516050332034,0.323869138005547,0.23134570149113262,0.31620809844328474,0.6837919015567153
2023-09-04,Lyon,Rennes,3,1,1.2,1.8,2.2,0.0,0.6,2.2,0,0,25.0,25.0,3,0.5,0.4081002131786319,0.2628705355194258,0.3290292513019424,0.5681389063252538,0.4318610936747464
2023-09-12,Paris SG,Nantes,2,1,3.0,2.8,1.0,1.4,1.2,1.2,0,0,33.0,8.0,4,1.0,0.8236536912021146,0.12763073617511883,0.048715572622766545,0.6699810690176509,0.33001893098234913
2023-09-12,Rennes,Monaco,1,2,0.0,0.6,2.2,2.2,2.2,1.2,0,0,8.0,8.0,0,,0.27075165514544897,0.2704419816111385,0.4588063632434125,0.5325394388925969,0.46746056110740314
2023-10-02,Nice,Ajaccio,3,0,2.4,1.6,0.8,0.8,0.2,1.2,0,0,59.0,28.0,1,1.0,0.6630402888204223,0.2527560167923026,0.0842036943872751,0.339396835140236,0.6606031648597641
2023-10-03,Lille,Lyon,3,3,0.6,0.4,0.8,1.6,2.4,2.4,0,0,54.0,29.0,4,0.75,0.5027114077124158,0.28355556810965127,0.21373302417793294,0.4418951699670396,0.5581048300329605
2023-10-11,Montpellier,Nice,0,0,0.8,2.0,1.8,2.4,1.6,0.6,0,0,37.0,9.0,3,0.8333333333333334,0.28211595274731627,0.29011691483104796,0.42776713242163583,0.4640728497800683,0.5359271502199318
2023-10-12,Strasbourg,Le Havre,2,1,1.0,1.0,1.0,1.2,1.0,1.6,1,0,90.0,63.0,0,,0.45031789765383423,0.27718193599222285,0.2725001663539429,0.5163536397941456,0.48364636020585433
2023-10-12,Metz,Brest,0,1,0.4,0.6,1.8,0.6,0.8,1.4,1,0,90.0,38.0,1,0.0,0.23021324240352944,0.332234795671598,0.43755196192487256,0.31494965635825706,0.6850503436417429
2023-10-12,Clermont,Lille,0,0,1.6,0.8,0.6,0.6,0.8,1.2,0,0,38.0,9.0,2,0.25,0.27087238581221246,0.3356622808483741,0.39346533333941336,0.32347865327497605,0.676521346725024
2023-10-12,Lorient,Marseille,2,4,1.4,1.0,0.8,2.0,1.6,0.4,0,0,38.0,38.0,2,0.25,0.19927329428964347,0.27548065661849824,0.525246049091858,0.4626161981340964,0.5373838018659035
2023-10-12,Nice,Reims,2,1,2.0,1.2,0.6,2.0,1.0,0.8,0,0,1.0,38.0,5,0.6,0.43858971712899086,0.34250026451997834,0.2189100183510309,0.2830156894896746,0.7169843105103255
2023-10-12,Lyon,Toulouse,3,0,1.6,2.8,2.8,1.0,0.8,1.0,0,0,9.0,38.0,2,0.75,0.5152361414639248,0.24522835249841066,0.23953550603766435,0.6154579434252379,0.38454205657476204
2023-11-01,Brest,Lille,0,0,1.2,1.0,1.0,0.6,0.8,1.2,0,0,20.0,20.0,2,0.5,0.27346231241190677,0.3763149960635019,0.35022269152459135,0.22900005311325466,0.7709999468867453
2023-11-01,Ajaccio,Reims,0,1,0.2,0.0,1.8,1.4,1.0,1.2,0,0,30.0,20.0,1,0.0,0.14461208003240644,0.295509834355185,0.5598780856124085,0.3383187469988806,0.6616812530011194
2023-11-01,Auxerre,Toulouse,0,5,1.2,1.2,1.0,1.0,0.8,1.4,0,0,58.0,20.0,0,,0.36187972145731384,0.2919548577725106,0.3461654207701755,0.4868365109974251,0.5131634890025749
2023-11-01,Clermont,Rennes,2,1,1.8,0.8,0.2,0.0,0.8,2.4,0,0,20.0,50.0,0,,0.33676118993470194,0.31705370573275327,0.3461851043325448,0.3963040355329312,0.6036959644670687
2023-11-01,Lorient,Monaco,2,2,1.2,1.4,1.6,2.6,2.2,1.0,0,0,20.0,50.0,1,0.0,0.16127102971809465,0.2054660785308579,0.6332628917510476,0.6776231294031709,0.3223768705968293
2023-11-01,Strasbourg,Lens,2,2,1.4,1.4,1.2,1.8,1.2,0.8,0,0,20.0,81.0,3,0.6666666666666666,0.2611058817067437,0.28890005794098855,0.44999406035226774,0.4712790650246273,0.5287209349753728
2023-11-01,Paris SG,Angers,2,0,3.0,2.8,1.0,0.8,0.4,1.6,0,0,50.0,89.0,2,1.0,0.876897201196893,0.091864166567315,0.03123863223579211,0.7541621291850105,0.24583787081498956
2023-11-01,Nice,Montpellier,6,1,2.0,1.2,0.6,1.0,2.0,1.4,0,0,20.0,21.0,4,0.25,0.5678213835744359,0.2650295619917982,0.16714905443376582,0.462323258797502,0.5376767412024981
2023-11-01,Nantes,Lyon,0,0,0.8,1.0,1.6,2.2,3.4,2.2,0,0,50.0,20.0,0,,0.28971772759022396,0.2716761017220918,0.43860617068768415,0.5502020526576633,0.44979794734233647
2023-11-01,Troyes,Marseille,0,2,0.4,1.0,2.2,2.0,2.2,0.8,0,0,58.0,20.0,0,,0.1864589100042621,0.2675957279465488,0.5459453620491894,0.4791627856804062,0.520837214319594
2023-11-02,Clermont,Marseille,0,2,1.8,1.0,0.4,2.6,2.4,0.4,0,0,1.0,1.0,0,,0.21659126414573068,0.32618935943021093,0.4572193764240583,0.3384615336364764,0.6615384663635235
2023-11-02,Monaco,Paris SG,3,1,2.2,2.2,1.4,3.0,2.4,0.6,0,0,1.0,1.0,2,0.25,0.3344030961499855,0.27076753691753036,0.394829366932484,0.5824211111895349,0.41757888881046484
2023-11-03,Auxerre,Rennes,0,0,1.0,1.0,1.8,0.0,1.0,2.4,0,0,2.0,2.0,1,0.0,0.18659912816789048,0.24313576877410376,0.5702651030580057,0.582682070474631,0.4173179295253689
2023-11-03,Brest,Paris SG,1,2,1.4,0.8,0.6,2.4,2.0,1.0,0,0,2.0,1.0,3,0.0,0.17628578948537418,0.2918505042911298,0.5318637062234959,0.40100332006487377,0.5989966799351262
2023-11-08,Nice,Lille,1,1,2.0,2.2,0.8,0.8,0.8,1.0,0,0,7.0,7.0,1,0.0,0.40181583512032193,0.36185104893528086,0.23633311594439735,0.2667913418224604,0.7332086581775398
2023-11-11,Reims,Paris SG,0,3,1.4,1.0,1.2,2.4,2.0,1.2,0,0,10.0,8.0,1,0.5,0.20534532948307033,0.2748416895994412,0.5198129809174883,0.5069948872050988,0.49300511279490117
2023-11-11,Le Havre,Monaco,0,0,1.2,1.2,1.6,2.2,2.4,1.4,0,0,30.0,9.0,0,,0.15026650024201818,0.23991945629268902,0.6098140434652928,0.5556824517164284,0.44431754828357156
2023-12-02,Angers,Auxerre,1,1,0.8,0.4,1.8,1.2,0.8,1.2,0,0,31.0,29.0,0,,0.49100924428042986,0.2942999235644214,0.21469083215514878,0.4557708054434171,0.544229194556583
2023-12-02,Toulouse,Rennes,3,1,1.6,1.6,1.0,0.2,0.8,2.0,0,0,31.0,29.0,1,0.0,0.41026913130286535,0.2995317623349706,0.29019910636216406,0.4852409625407789,0.514759037459221
2023-12-02,Lille,Strasbourg,2,0,1.0,1.0,1.0,1.6,1.6,1.2,0,0,24.0,31.0,2,1.0,0.5613910075250187,0.2791935221079288,0.15941547036705245,0.44099497139573207,0.5590050286042678
2023-12-02,Montpellier,Brest,3,0,0.4,1.2,2.6,1.2,0.8,0.8,0,0,31.0,29.0,2,0.5,0.3599308265381928,0.3198149276317496,0.3202542458300575,0.42218284824440444,0.5778171517555954
2023-12-02,Reims,Troyes,4,0,0.8,0.8,1.8,0.2,0.8,2.4,0,0,21.0,31.0,2,0.25,0.5412241079300598,0.27969334742017854,0.17908254464976167,0.46595851891682843,0.5340414810831715
2023-12-02,Nantes,Lorient,1,0,1.0,1.0,1.4,1.2,1.8,2.0,0,0,31.0,31.0,3,0.6666666666666666,0.3972791160176992,0.2916941585986749,0.31102672538362597,0.5200047348085838,0.47999526519141616
2023-12-02,Lyon,Lens,2,1,1.8,2.4,1.4,1.8,1.4,1.0,0,0,31.0,31.0,4,0.375,0.38312598818874155,0.2868547491169554,0.33001926269430304,0.5419207896567754,0.45807921034322463
2023-12-03,Marseille,Strasbourg,2,2,2.6,2.2,0.4,1.6,1.4,1.2,0,0,31.0,1.0,2,1.0,0.7076074738606973,0.20220192599602776,0.09019060014327483,0.5582219238432741,0.44177807615672604
2023-12-03,Monaco,Reims,0,1,1.8,1.8,1.2,1.4,1.4,1.2,0,0,22.0,1.0,3,0.8333333333333334,0.6166724219557662,0.2454644338724236,0.13786314417180998,0.5134178664159361,0.4865821335840636
2023-12-03,Nantes,Nice,2,2,1.0,0.8,1.2,2.2,2.4,0.6,0,0,1.0,25.0,5,0.4,0.21354493404132632,0.3452131021667444,0.44124196379192937,0.30013010025960657,0.6998698997403936
2023-12-03,Ajaccio,Montpellier,0,1,0.2,0.0,1.6,1.0,1.0,1.6,0,0,32.0,1.0,0,,0.17535740518664467,0.2853334355721789,0.5393091592411765,0.4370152567401779,0.5629847432598221
2023-12-03,Angers,Toulouse,0,2,0.8,0.6,2.0,2.0,2.2,1.2,0,0,1.0,1.0,0,,0.24117582488387757,0.2923718416235725,0.4664523334925501,0.4778887231685207,0.5221112768314794
2023-12-03,Clermont,Lens,0,4,1.6,1.0,0.8,1.2,1.2,1.2,0,0,31.0,1.0,2,0.25,0.2850776822585504,0.3341229407869311,0.38079937695451854,0.36353062528695446,0.6364693747130457
2023-12-03,Lorient,Troyes,2,0,0.6,1.4,2.0,0.2,0.6,2.6,0,0,1.0,1.0,1,0.0,0.5645197324378335,0.23390414577230614,0.20157612178986056,0.6517832724228638,0.3482167275771364
2023-12-05,Lens,Reims,2,1,1.2,1.6,1.0,1.8,1.4,1.0,0,0,2.0,2.0,4,0.75,0.47584645571994544,0.30438129782913936,0.2197722464509151,0.3978501599482605,0.6021498400517394
2023-12-08,Paris SG,Lorient,0,0,2.4,2.0,1.0,1.0,1.2,1.4,0,0,27.0,5.0,2,1.0,0.8391015530429456,0.10910453339523726,0.05179391356181715,0.7900341623057191,0.20996583769428107
2023-12-08,Marseille,Reims,2,1,2.2,2.0,0.8,1.8,1.4,1.0,0,0,5.0,3.0,2,0.5,0.5265257755402245,0.29479465090221935,0.178679573557556,0.3875123103429196,0.6124876896570802
2023-12-11,Lens,Marseille,1,0,1.6,1.8,1.0,2.6,2.4,1.0,0,0,6.0,3.0,2,0.75,0.3613671962617988,0.3170434765492142,0.32158932718898703,0.41344261110401204,0.586557388895988
2023-12-11,Rennes,Lyon,0,1,0.2,0.8,2.0,2.2,2.2,1.0,0,0,9.0,9.0,4,0.375,0.37246628467429377,0.2718180198276961,0.35571569549800997,0.58453950494916,0.4154604950508399
2023-12-11,Metz,Nantes,3,1,0.4,0.6,1.4,1.2,1.2,1.2,0,0,60.0,8.0,0,,0.2598356670001477,0.33992641766209664,0.40023791533775577,0.32699338296999236,0.6730066170300077
2023-12-11,Lille,Toulouse,1,1,1.4,1.2,0.8,2.4,2.4,1.0,0,0,9.0,8.0,0,,0.4737418590051331,0.31373363587509984,0.21252450511976695,0.37466454213803496,0.6253354578619649
2023-12-11,Clermont,Lorient,1,0,1.4,0.8,1.4,1.0,1.2,1.4,0,0,8.0,3.0,1,0.5,0.3790402695149423,0.2981135297329893,0.3228462007520684,0.480376332102417,0.519623667897583
2024-01-03,Monaco,Paris SG,0,0,1.6,1.4,1.0,2.0,1.6,0.8,0,0,31.0,26.0,3,0.5,0.35789274155283035,0.27403644301333036,0.3680708154338393,0.5499071970324353,0.4500928029675647
2024-01-09,Monaco,Lens,1,1,1.2,1.0,0.8,2.0,2.0,1.0,0,0,6.0,29.0,1,1.0,0.47781508189898325,0.2892454877689904,0.23293943033202635,0.45436259920864397,0.545637400791356
2024-01-09,Le Havre,Auxerre,3,1,0.8,0.6,1.6,1.2,1.0,1.4,0,0,59.0,38.0,0,,0.5630609402592054,0.2812007153830328,0.15573834435776168,0.39732236858058967,0.6026776314194102
2024-01-09,Angers,Nice,1,4,0.8,0.6,1.4,1.8,2.2,1.0,0,0,37.0,37.0,4,0.25,0.1532122773526548,0.2763770710840204,0.5704106515633248,0.40858900934384035,0.5914109906561597
2024-01-09,Lille,Paris SG,1,3,1.4,0.8,0.4,1.6,1.2,0.8,0,0,29.0,6.0,2,0.5,0.2574556681263352,0.32566293241106103,0.41688139946260383,0.35338486136632796,0.6466151386336721
2024-01-09,Reims,Rennes,2,1,1.2,1.4,1.4,0.2,0.6,1.6,0,0,32.0,29.0,5,0.6,0.4763267889394454,0.29944232096772,0.22423089009283445,0.41371065394764134,0.5862893460523585
2024-01-11,Lille,Lyon,1,1,1.2,1.0,1.0,2.2,1.8,0.8,0,0,2.0,31.0,5,0.7,0.43135553140176147,0.3019492967110199,0.26669517188721864,0.4418575672712224,0.5581424327287775
2024-01-11,Monaco,Angers,0,1,1.2,0.8,0.6,0.8,0.6,1.8,0,0,2.0,2.0,5,1.0,0.8142701049704824,0.13982096569051825,0.045908929338999406,0.6202534056621443,0.37974659433785574
2024-01-12,Montpellier,Lille,2,2,1.4,1.2,1.6,1.2,1.2,1.2,0,0,40.0,1.0,3,0.0,0.2933939164040077,0.2961652545942863,0.4104408290017061,0.4581230688321131,0.5418769311678868
2024-01-12,Le Havre,Angers,0,1,1.4,1.2,1.4,0.8,0.6,1.8,0,0,3.0,1.0,0,,0.5630454203818538,0.27190757597140514,0.16504700364674116,0.43391539762205966,0.5660846023779404
2024-01-12,Toulouse,Auxerre,2,0,2.0,2.2,1.0,1.0,1.0,1.8,0,0,32.0,3.0,1,1.0,0.7525413587829817,0.1655283871178968,0.08193025409912146,0.6482462026732229,0.35175379732677714
2024-01-12,Marseille,Monaco,2,1,2.0,1.6,0.8,0.6,0.2,0.6,0,0,32.0,1.0,3,0.6666666666666666,0.4054062577593784,0.315240178763188,0.2793535634774338,0.38861311606029497,0.6113868839397052
2024-01-12,Lyon,Nice,4,1,2.2,1.4,0.4,2.2,3.0,1.2,0,0,1.0,3.0,4,0.375,0.37045022126023647,0.2801858609200805,0.34936391781968323,0.5300577898838996,0.46994221011610054
2024-02-02,Strasbourg,Paris SG,1,2,1.2,1.4,1.6,2.2,1.6,0.4,0,0,61.0,24.0,1,0.0,0.1332294502917736,0.1967765910313176,0.6699939586769088,0.6485800301823493,0.35141996981765067
2024-02-03,Reims,Lille,0,1,1.8,1.8,1.0,1.2,1.4,1.4,0,0,25.0,22.0,3,0.8333333333333334,0.36303961809449514,0.336236875497527,0.3007235064079778,0.32266932382451224,0.6773306761754877
2024-02-03,Clermont,Marseille,1,5,1.4,0.6,1.4,2.0,1.6,1.0,0,0,54.0,22.0,1,0.0,0.18242777381716213,0.29367144205122714,0.5239007841316108,0.3784728005634919,0.6215271994365081
2024-02-11,St Etienne,Strasbourg,2,0,1.4,1.6,2.2,1.0,1.4,1.8,1,0,90.0,9.0,1,1.0,0.36947133436568397,0.25515796382233147,0.3753707018119846,0.6136091584487509,0.38639084155124914
2024-02-11,Brest,Nice,0,1,1.0,0.6,1.2,1.6,2.8,1.8,0,0,71.0,30.0,5,0.3,0.25971780339143996,0.330285672556164,0.4099965240523962,0.3185919622180308,0.6814080377819693
2024-02-11,Paris SG,Lens,1,0,2.2,1.6,0.4,2.0,1.8,0.8,0,0,9.0,33.0,4,0.375,0.5642789156423021,0.2533235648381222,0.18239751951957556,0.5016438790885223,0.4983561209114777
2024-03-02,Nantes,Lens,0,1,1.0,1.0,1.4,2.0,1.6,0.6,0,0,82.0,20.0,1,1.0,0.1944181712483126,0.2862673555722683,0.5193144731794191,0.39149703752615955,0.6085029624738404
2024-03-02,Rennes,Montpellier,2,1,0.2,0.6,1.6,1.6,1.4,1.6,0,0,53.0,50.0,2,1.0,0.4678090055201548,0.25082663281821843,0.2813643616616268,0.5931179315405963,0.4068820684594037
2024-03-03,Toulouse,Nice,2,1,2.6,2.6,0.4,1.6,1.8,1.6,0,0,51.0,21.0,1,0.5,0.3603114773592472,0.28478369352702865,0.3549048291137241,0.4723526383421224,0.5276473616578776
2024-03-03,Lyon,Lens,0,3,2.2,1.6,0.6,2.0,1.0,0.6,0,0,51.0,1.0,5,0.5,0.37639597265394126,0.2753128927146568,0.34829113463140177,0.5096375172651396,0.4903624827348602
2024-03-03,Brest,Le Havre,1,0,0.8,0.4,1.2,0.8,0.8,1.4,0,0,21.0,51.0,0,,0.40401083391373205,0.3551204048042737,0.2408687612819943,0.24008949291464957,0.7599105070853505
2024-03-03,Montpellier,Strasbourg,2,2,1.4,1.6,2.0,0.4,1.0,2.0,0,0,1.0,21.0,3,0.5,0.49889171532485727,0.22821252701556724,0.2728957576595755,0.6779177832516795,0.3220822167483205
2024-03-03,Nantes,Metz,0,2,1.0,0.8,1.2,0.8,0.8,1.2,0,0,1.0,83.0,1,0.0,0.46787027473277865,0.29521455677577174,0.2369151684914495,0.39380822309476704,0.6061917769052328
2024-03-03,Rennes,Lorient,1,2,0.8,0.8,1.4,1.0,0.8,0.8,0,0,1.0,83.0,2,0.25,0.48636331108610864,0.26591246248002515,0.24772422643386616,0.5043234635096263,0.4956765364903736
2024-03-05,Toulouse,Montpellier,1,2,2.6,2.0,0.6,1.6,1.8,1.2,0,0,2.0,2.0,3,0.6666666666666666,0.5738589903278704,0.2167565981255858,0.2093844115465439,0.661926922732949,0.3380730772670512
2024-03-05,Lens,Lorient,2,0,2.0,1.2,0.4,1.4,0.8,0.6,0,0,2.0,2.0,3,0.5,0.6555250613469794,0.21809601052587796,0.1263789281271427,0.5146829410681155,0.4853170589318845
2024-03-11,Toulouse,Reims,1,0,2.0,1.6,0.8,1.2,1.0,1.2,0,0,6.0,37.0,1,1.0,0.41307932831259,0.2875587748482343,0.2993618968391758,0.4485489725669552,0.5514510274330449
2024-03-11,Auxerre,Rennes,4,0,0.4,0.4,2.2,0.6,1.0,1.8,0,0,59.0,8.0,2,0.25,0.18967507248465396,0.25644961524280663,0.5538753122725393,0.4779254475240494,0.5220745524759506
2024-03-11,Le Havre,Montpellier,1,0,0.8,0.8,1.0,1.6,1.6,1.4,0,0,8.0,6.0,0,,0.31658202550128056,0.2831460846319529,0.40027188986676643,0.47005234450498684,0.5299476554950129
2024-03-11,Nantes,Marseille,1,2,0.8,0.8,1.6,2.0,2.2,1.2,0,0,8.0,37.0,3,0.16666666666666666,0.1397654022884341,0.24751214134573296,0.612722456365833,0.43548341374063076,0.5645165862593693
2024-04-02,Lille,Clermont,4,0,1.2,1.2,1.4,1.2,0.8,2.4,0,0,59.0,59.0,3,0.6666666666666666,0.6089518502332527,0.2561626557641284,0.13488549400261893,0.3867857090588044,0.6132142909411957
2024-04-02,Metz,Lorient,1,2,1.4,1.2,0.8,1.4,0.8,0.8,0,0,30.0,28.0,2,1.0,0.3634239551112536,0.2744393233719891,0.36213672151675724,0.4950070337362178,0.5049929662637822
2024-04-02,Brest,Nice,0,0,0.8,0.4,1.2,1.4,1.8,1.8,0,0,30.0,30.0,5,0.1,0.2661721346725866,0.32767570521521866,0.4061521601121948,0.29965359397691044,0.7003464060230895
2024-04-02,Monaco,Le Havre,1,1,0.4,0.4,1.0,1.4,0.8,0.6,0,0,81.0,22.0,1,0.5,0.6206203127709976,0.2586785369246549,0.12070115030434747,0.3567569393686007,0.6432430606313994
2024-04-02,Lyon,Marseille,1,0,2.0,1.6,1.2,2.4,2.2,1.0,0,0,30.0,22.0,5,0.5,0.3179901716173873,0.25115880304322546,0.43085102533938724,0.5855558471580582,0.4144441528419418
2024-04-02,Reims,Toulouse,2,3,0.6,0.8,1.4,2.0,1.4,0.8,0,0,22.0,22.0,2,0.0,0.3956348805475552,0.2959256437395418,0.30843947571290325,0.40704481167997136,0.5929551883200289
2024-04-05,Brest,Nantes,0,0,0.8,0.4,1.2,0.2,0.8,2.0,0,0,3.0,25.0,3,0.5,0.45137586924260653,0.3415190533612902,0.20710507739610343,0.24225315868067857,0.7577468413193216
2024-04-05,Monaco,Clermont,4,1,0.6,0.6,1.0,0.6,0.4,3.0,0,0,3.0,3.0,1,1.0,0.7419502797143269,0.17321066736675103,0.08483905291892185,0.5691521297236549,0.43084787027634497
2024-04-05,Le Havre,Strasbourg,3,1,1.4,1.0,0.8,0.4,1.0,2.0,0,0,3.0,33.0,1,0.0,0.4191305254579018,0.3061036944795118,0.27476578006258656,0.3618607655509736,0.6381392344490266
2024-04-05,Metz,Rennes,2,3,1.2,1.2,1.0,0.6,0.8,2.0,0,0,3.0,25.0,1,0.0,0.350821986981355,0.2847823517592703,0.3643956612593747,0.4521130788280368,0.5478869211719631
2024-04-10,Marseille,Angers,1,1,1.8,1.8,1.0,1.4,0.8,1.4,0,0,8.0,89.0,2,1.0,0.7536534513094817,0.17325981174913227,0.07308673694138598,0.528673687049946,0.47132631295005406
2024-05-04,Lille,Marseille,3,1,1.6,1.8,1.2,2.0,2.0,1.0,0,0,32.0,24.0,5,0.5,0.3540641326074639,0.3243869097240898,0.3215489576684464,0.3266447490342032,0.6733552509657968
2024-05-10,St Etienne,Auxerre,3,1,1.4,1.4,2.0,1.0,1.2,1.2,0,0,89.0,60.0,0,,0.5478751723202935,0.23691120282398473,0.21521362485572174,0.5788755085852244,0.4211244914147755
2024-05-10,Lille,Toulouse,2,1,2.2,2.2,0.8,2.4,1.8,1.0,0,0,6.0,38.0,1,0.5,0.49146361260159793,0.28232725024203564,0.22620913715636645,0.4192012488723575,0.5807987511276425
2024-05-10,Rennes,Monaco,1,2,1.2,1.4,2.2,1.0,1.4,1.2,0,0,35.0,35.0,1,0.0,0.22590043249514774,0.2551388348425064,0.518960732662346,0.5172479846799863,0.4827520153200137
2024-06-04,Lens,Le Havre,1,1,2.0,1.4,0.4,1.4,1.0,0.8,1,0,90.0,60.0,0,,0.5586586567606708,0.2926327066151709,0.14870863662415795,0.31305249027767973,0.6869475097223201
2024-06-04,Paris SG,Clermont,1,1,2.2,1.2,0.4,0.6,0.6,3.4,1,0,90.0,60.0,4,0.75,0.8681816144427401,0.09709254121604625,0.034725844341213556,0.7107195582149725,0.28928044178502754
2024-06-05,Lille,Lyon,3,4,2.6,2.4,0.8,2.0,1.4,1.0,0,0,26.0,64.0,5,0.6,0.4889894086785146,0.2720172337561651,0.23899335756532028,0.4830126485391387,0.5169873514608613
2024-06-10,Lyon,Nantes,2,0,2.0,2.0,1.6,0.2,0.4,1.6,0,0,5.0,66.0,1,0.5,0.6853707543558725,0.198662565458681,0.1159666801854468,0.5799983609765338,0.42000163902346643
2024-06-10,Brest,Le Havre,2,0,1.0,0.2,0.8,1.6,1.2,0.8,0,0,66.0,6.0,1,1.0,0.29059698617833546,0.39958851004455703,0.30981450377710773,0.1717479591452982,0.828252040854702
2024-06-10,Strasbourg,Lens,2,2,0.4,1.2,2.2,2.0,1.4,0.4,0,0,66.0,6.0,4,0.625,0.1922439436407703,0.25632266978666457,0.5514333865725651,0.4934573044061169,0.5065426955938832
2024-06-10,Reims,Montpellier,4,2,0.6,1.0,1.6,1.0,1.4,1.6,0,1,69.0,90.0,1,0.0,0.4971131055884126,0.2564862141600214,0.24640068025156603,0.548488810636435,0.45151118936356516
2024-06-10,Nice,Paris SG,1,1,1.4,1.4,1.4,2.2,1.4,0.6,0,0,69.0,6.0,4,0.375,0.25928046059245086,0.283597880633074,0.45712165877447514,0.45568567437815166,0.5443143256218484
2024-06-12,Auxerre,Paris SG,0,0,0.8,1.4,1.8,2.2,1.6,0.8,0,0,33.0,2.0,0,,0.0770637410916924,0.15456869178623245,0.768367567122075,0.6582824917679196,0.3417175082320802
2024-06-12,Lille,Brest,3,1,2.4,2.6,1.2,1.6,0.6,0.2,0,0,7.0,2.0,3,0.5,0.500938273982622,0.3299969085768021,0.1690648174405761,0.2628260372222073,0.7371739627777929
2024-07-04,Reims,Nice,0,0,1.2,1.6,1.6,1.0,0.8,1.4,0,0,24.0,24.0,5,0.4,0.3453631010695801,0.30531270296528973,0.3493241959651301,0.41990430976234305,0.5800956902376568
2024-07-04,Brest,Metz,4,3,1.6,0.8,0.6,1.2,1.6,1.4,0,0,22.0,90.0,2,1.0,0.49175301205441185,0.31207613437430465,0.19617085357128353,0.33429041246315433,0.6657095875368458
2024-07-04,Montpellier,Lorient,2,0,0.8,1.4,2.0,1.4,0.8,1.0,0,1,24.0,90.0,2,0.75,0.4690657927169721,0.24082538440759418,0.2901088228754338,0.6566659460405078,0.34333405395949224
2024-07-04,Nantes,Lyon,1,3,0.2,0.2,1.4,2.4,2.2,1.4,0,0,24.0,24.0,2,0.25,0.1951134173344445,0.260715080889342,0.5441715017762134,0.4964936335010013,0.5035063664989986
2024-07-04,Monaco,Rennes,1,0,1.4,1.6,1.2,1.2,1.4,2.2,0,0,55.0,55.0,2,1.0,0.6746508988316701,0.20546136310574806,0.11988773806258196,0.5770795566629591,0.42292044333704093
2024-07-04,Toulouse,Strasbourg,0,0,1.8,1.6,1.4,0.4,1.2,2.2,0,0,55.0,24.0,2,0.0,0.6047925943172303,0.21829761474101064,0.17690979094175902,0.6356120928567398,0.3643879071432602
2024-07-12,Angers,Lyon,0,3,1.4,0.8,1.4,2.4,2.0,1.4,1,0,90.0,8.0,3,0.0,0.2020104053589878,0.24817183743574994,0.5498177572052622,0.566668392196782,0.43333160780321794
2024-07-12,Nice,Le Havre,2,1,1.2,0.6,0.6,1.6,1.2,1.0,0,0,8.0,32.0,0,,0.518876731712672,0.3116762779853042,0.1694469903020239,0.32266071060911516,0.6773392893908848
2024-07-12,Monaco,Toulouse,2,0,2.0,1.8,1.0,1.4,1.2,1.2,0,0,8.0,8.0,3,0.6666666666666666,0.5382194347972837,0.269550886488796,0.19222967871392016,0.4766712215739872,0.5233287784260128
2024-08-03,Nice,Montpellier,1,2,1.2,0.8,0.8,1.4,1.6,1.6,0,0,22.0,30.0,5,0.4,0.6092833766673046,0.228273211995964,0.1624434113367315,0.5857361137543476,0.4142638862456524
2024-08-11,Marseille,Auxerre,1,3,1.4,1.8,1.4,0.8,1.2,1.6,1,0,90.0,60.0,1,1.0,0.7527037039785792,0.1715759746052152,0.07572032141620558,0.5985299282623092,0.4014700717376907
2024-08-12,Strasbourg,Reims,0,0,0.6,1.0,1.8,0.8,1.2,1.4,0,0,39.0,39.0,4,0.375,0.32848039820763475,0.2869087956179904,0.38461080617437493,0.5021500362083703,0.4978499637916297
2024-08-12,Lens,Montpellier,2,0,2.2,1.8,0.6,1.8,1.6,1.4,0,0,63.0,9.0,2,0.25,0.6423423723412187,0.21779890483327716,0.1398587228255042,0.5872531150278568,0.41274688497214324
2024-08-12,Nantes,Rennes,1,0,0.2,0.4,1.8,0.6,1.0,2.2,0,0,39.0,39.0,5,0.3,0.2967379533380444,0.32502918034696965,0.37823286631498587,0.3636473796195124,0.6363526203804876
2024-08-12,St Etienne,Marseille,0,2,1.4,1.8,2.2,0.8,1.0,1.8,1,0,90.0,1.0,4,0.25,0.2895279386101186,0.2723389853987235,0.43813307599115797,0.545654928537952,0.45434507146204794
2024-09-02,Marseille,Metz,1,1,0.8,1.0,1.6,1.2,2.2,2.0,0,0,21.0,60.0,1,0.5,0.7490224098897017,0.1616386948948322,0.08933889521546601,0.6926145548337594,0.30738544516624045
2024-09-03,Lorient,Lyon,0,2,1.2,0.8,1.4,3.0,2.6,0.8,0,0,61.0,53.0,5,0.4,0.24123756168903776,0.24266444098733486,0.5160979973236273,0.6383644849673749,0.36163551503262503
2024-09-03,Lens,Brest,1,0,2.2,2.0,0.6,1.6,1.4,1.2,0,0,22.0,61.0,3,0.5,0.5794475110804562,0.2895472405018109,0.1310052484177329,0.3418700993177515,0.6581299006822485
2024-09-11,Strasbourg,Monaco,1,3,0.8,1.0,1.4,2.6,2.0,0.6,0,0,30.0,61.0,4,0.375,0.1949280366722519,0.26079011619312087,0.5442818471346274,0.5181311325335631,0.4818688674664369
2024-09-11,Lens,Nantes,3,2,2.2,1.6,0.6,0.8,0.6,1.4,0,0,8.0,30.0,2,0.5,0.6850364696362672,0.23481190394332516,0.08015162642040774,0.39165585225699334,0.6083441477430067
2024-09-11,Angers,Paris SG,2,4,1.4,0.8,1.6,1.8,1.0,0.6,0,1,61.0,90.0,3,0.0,0.08751699201765452,0.2104702395769771,0.7020127684053685,0.49305860599893536,0.5069413940010646
2024-10-02,Lens,Strasbourg,3,1,2.2,1.8,1.0,0.6,0.8,1.6,0,0,21.0,21.0,5,0.4,0.6719139433390116,0.21591851651266003,0.11216754014832847,0.5350019574007627,0.4649980425992375
2024-10-02,Paris SG,Lille,3,1,1.8,1.4,0.8,2.4,3.0,1.4,0,1,21.0,90.0,3,0.6666666666666666,0.5466069935099891,0.26377666082322787,0.189616345666783,0.49662191890255725,0.5033780810974429
2024-10-03,Lille,Rennes,2,2,1.8,2.4,2.0,0.6,0.8,2.0,0,0,1.0,52.0,4,0.875,0.6024191133860706,0.24768722074108687,0.14989366587284256,0.49620636189565664,0.5037936381043434
2024-10-03,Paris SG,Reims,2,2,1.8,1.8,1.0,1.0,1.2,1.2,0,0,1.0,52.0,2,0.75,0.6464138441922744,0.23031673919618736,0.12326941661153815,0.5074455360263235,0.4925544639736764
2024-10-03,Le Havre,Toulouse,1,0,1.0,1.2,1.4,1.4,1.0,1.2,0,0,83.0,83.0,1,1.0,0.3179997995019477,0.32863733256856276,0.35336286792948957,0.35803634321209565,0.6419636567879043
2024-10-03,Metz,Clermont,1,0,0.8,1.8,2.0,0.8,0.8,2.8,0,1,31.0,90.0,0,,0.45283016701692796,0.26524471125713533,0.28192512172593653,0.5715562140946016,0.42844378590539833
2024-10-03,Strasbourg,Monaco,0,1,0.6,0.8,1.6,3.0,2.4,0.6,0,0,1.0,22.0,5,0.3,0.17573881599288002,0.24418633631695388,0.5800748476901662,0.5500086330781868,0.4499913669218132
2024-10-03,Marseille,Nantes,2,0,1.0,1.2,1.6,0.8,0.8,1.6,0,0,31.0,22.0,4,0.875,0.6460766430265379,0.2397871106655618,0.11413624630790026,0.45427541102323077,0.5457245889767691
2024-10-05,Nice,Le Havre,1,0,1.2,0.8,0.8,1.4,1.2,1.2,0,0,63.0,2.0,1,1.0,0.4804374307802425,0.3167508106167936,0.20281175860296408,0.31798535435049147,0.6820146456495088
2024-10-05,Brest,Reims,1,1,1.4,1.4,1.4,1.2,1.6,1.4,0,0,32.0,2.0,2,0.25,0.31434167137436914,0.3387799882982537,0.3468783403273773,0.3034390329778334,0.6965609670221666
2024-10-11,Lyon,St Etienne,1,0,3.0,2.8,0.8,1.4,1.4,1.4,0,0,38.0,60.0,4,0.625,0.6906056575679544,0.18095731767309228,0.12843702475895322,0.692028892120979,0.30797110787902093
2024-10-11,Nice,Lille,2,2,1.6,1.0,0.8,1.4,2.2,2.2,0,0,6.0,8.0,2,0.25,0.4134661469338642,0.3003011708327666,0.28623268223336923,0.4174209163959926,0.5825790836040073
2024-10-11,Le Havre,Reims,0,3,0.8,0.6,1.2,1.4,1.4,1.0,0,0,6.0,6.0,0,,0.32447988727250127,0.3464944965375112,0.3290256161899876,0.2854911831933676,0.7145088168066326
2024-10-11,Montpellier,Brest,3,1,1.2,1.2,1.6,1.4,1.6,1.6,0,0,60.0,6.0,3,0.6666666666666666,0.4274950886156885,0.28707405040400735,0.28543086098030407,0.46360609295857164,0.5363939070414283
2024-10-11,Rennes,Toulouse,0,2,0.8,1.2,1.6,0.8,0.8,1.4,0,0,8.0,8.0,2,0.5,0.33102245857914103,0.2955251030840077,0.37345243833685116,0.44547821048105685,0.5545217895189432
2024-11-02,Lorient,Reims,2,0,1.2,0.8,1.6,1.4,1.2,0.6,0,0,60.0,22.0,3,0.3333333333333333,0.259666141339971,0.2877334476685068,0.45260041099152215,0.4417455057874298,0.5582544942125702
2024-11-02,Clermont,Brest,1,1,0.2,0.6,3.0,0.8,1.4,2.2,0,0,30.0,22.0,2,0.0,0.29646466999576326,0.333323435116337,0.37021189488789974,0.3131824396052828,0.6868175603947172
2024-11-02,Le Havre,Rennes,0,1,0.6,0.4,1.6,0.2,0.6,1.6,0,0,22.0,22.0,0,,0.3731530910452146,0.32836161700426136,0.29848529195052403,0.32741739694535643,0.6725826030546436
2024-11-02,Toulouse,Nantes,1,2,0.8,0.6,1.0,0.6,0.8,2.0,0,0,22.0,30.0,1,0.0,0.5958088165171236,0.2614382475974554,0.14275293588542112,0.40639573277578356,0.5936042672242164
2024-11-02,Montpellier,Lyon,1,2,1.8,1.8,1.6,3.0,2.2,0.2,0,0,22.0,22.0,1,0.0,0.28346909042892093,0.22547794865081178,0.4910529609202674,0.7039258520730213,0.2960741479269788
2024-11-02,Nice,Monaco,2,3,1.6,1.2,1.0,3.0,1.8,0.4,0,0,22.0,30.0,4,0.25,0.30671053571888107,0.3107940604251761,0.38249540385594283,0.38253542253712725,0.6174645774628729
2024-12-01,Marseille,Strasbourg,1,1,1.4,1.4,1.4,0.4,0.4,1.4,0,0,59.0,59.0,3,0.8333333333333334,0.6478732031660078,0.21702652549616064,0.13510027133783156,0.5510074410468415,0.44899255895315854
2024-12-04,Metz,Lens,2,1,0.8,1.6,2.0,2.6,2.2,1.0,0,0,62.0,63.0,0,,0.16139321229154382,0.23556020222822208,0.6030465854802343,0.536123310282235,0.463876689717765
2024-12-05,Strasbourg,Metz,2,1,0.4,0.6,1.6,1.4,1.8,1.8,0,0,4.0,1.0,3,0.5,0.42979752024574963,0.2606738176482766,0.3095286621059739,0.577376812958485,0.422623187041515
2024-12-05,Rennes,Lens,1,1,0.8,0.6,1.2,2.4,2.0,1.0,0,0,33.0,1.0,5,0.2,0.21417543530504163,0.28411868825964837,0.5017058764353098,0.4278539620656459,0.572146037934354
2024-12-05,Paris SG,Toulouse,1,3,1.8,2.0,1.2,0.8,0.6,1.0,0,0,63.0,33.0,1,1.0,0.6465735092945005,0.2180740207802532,0.13535246992524644,0.5544310484201485,0.44556895157985166
2024-12-05,Nantes,Lille,1,2,1.2,1.2,1.8,1.0,2.2,2.4,0,0,33.0,55.0,4,0.125,0.21017841768578094,0.27483051267553915,0.5149910696386798,0.4556237111693774,0.5443762888306225
2024-12-05,Montpellier,Monaco,0,2,1.8,1.6,1.2,3.0,2.0,0.6,0,0,33.0,33.0,3,0.3333333333333333,0.21456190065764355,0.23262592292521628,0.5528121764171402,0.6210658279974638,0.37893417200253626
2024-12-05,Marseille,Lorient,3,1,1.6,1.4,1.0,1.2,0.8,1.4,0,0,4.0,33.0,3,0.8333333333333334,0.5907237540717459,0.24803581847902945,0.16124042744922465,0.48847947512027184,0.5115205248797282
2024-12-05,Clermont,Lyon,0,1,0.4,0.6,2.2,3.0,2.2,0.4,0,0,33.0,33.0,1,1.0,0.1529672028940935,0.2293609970943627,0.6176718000115436,0.5444579586510989,0.455542041348901
2025-01-02,Lille,St Etienne,4,1,1.6,2.0,1.8,1.2,1.4,1.6,0,0,28.0,83.0,1,0.5,0.5972459210162901,0.2394540581700705,0.1633000208136393,0.526085872807826,0.4739141271921739
2025-01-02,Brest,Paris SG,2,5,1.0,1.4,1.8,1.6,2.0,1.6,0,0,61.0,28.0,4,0.0,0.1773051201491285,0.26186222819338123,0.5608326516574903,0.4652804247899308,0.5347195752100693
2025-01-02,Monaco,Auxerre,4,2,3.0,2.2,0.6,1.4,1.6,1.2,0,1,28.0,90.0,1,1.0,0.7453416636001557,0.17001515811610216,0.08464317828374236,0.6198779785563725,0.38012202144362767
2025-01-03,St Etienne,Nice,1,3,1.2,1.2,1.6,1.4,1.6,1.6,0,0,1.0,62.0,2,0.5,0.23020433870907048,0.27362890743585905,0.4961667538550706,0.48664668842749337,0.5133533115725066
2025-01-03,Lens,Le Havre,3,4,2.0,1.8,1.2,0.6,0.4,1.4,0,0,29.0,62.0,1,0.5,0.6095344385471232,0.2768791406510423,0.11358642080183444,0.32861199212142206,0.671388007878578
2025-01-03,Paris SG,Lille,4,1,2.0,3.0,2.0,1.6,2.2,1.8,0,0,1.0,1.0,4,0.75,0.5536652146237084,0.22542060537934597,0.22091417999694554,0.6648117359239005,0.3351882640760996
2025-02-02,Angers,Le Havre,1,1,1.4,1.0,1.6,1.2,1.0,1.6,1,0,90.0,30.0,1,1.0,0.29942207572608176,0.3124550679984725,0.38812285627544585,0.3790964706316374,0.6209035293683626
2025-02-02,Reims,Nantes,1,2,1.2,1.2,1.0,1.2,1.2,1.6,1,0,90.0,59.0,4,1.0,0.5571380827114539,0.2779670031798191,0.16489491410872692,0.3901350035157917,0.6098649964842081
2025-02-02,Rennes,Strasbourg,1,0,1.0,0.8,1.2,0.8,1.0,1.8,0,0,59.0,59.0,2,1.0,0.42500350319003966,0.2924832292476328,0.2825132675623276,0.44055030822657276,0.5594496917734273
2025-02-02,Marseille,Lyon,3,2,2.2,1.8,0.6,3.0,1.8,0.2,0,0,59.0,59.0,5,0.4,0.39302042256556924,0.28061650851593256,0.32636306891849826,0.49849820668435557,0.5015017933156444
2025-02-02,Toulouse,Nice,1,1,1.2,1.2,1.2,1.4,1.8,1.6,0,0,59.0,30.0,2,0.75,0.384956228655127,0.2986482643310432,0.31639550701382985,0.4294236574131456,0.5705763425868543
2025-02-03,Angers,Toulouse,0,4,1.0,1.0,1.8,1.4,1.4,1.0,0,0,1.0,1.0,1,0.0,0.19908741959973414,0.2785625530268447,0.5223500273734212,0.43338820558179714,0.566611794418203
2025-02-03,Auxerre,Strasbourg,0,1,1.4,2.0,1.6,0.8,0.8,1.4,0,0,32.0,1.0,0,,0.42478915304371456,0.26289109772932506,0.3123197492269604,0.5711789377200314,0.42882106227996863
2025-02-03,Marseille,Nantes,2,0,2.2,2.0,1.0,1.2,1.4,1.8,0,0,1.0,1.0,5,0.9,0.6265942233826971,0.23746263838408918,0.1359431382332135,0.4844094181823599,0.5155905818176398
2025-02-03,Lyon,Brest,2,1,2.4,1.6,0.8,0.4,1.0,2.2,0,0,1.0,32.0,2,0.5,0.6304591525864518,0.22772540354909654,0.14181544386445163,0.5318229800586727,0.46817701994132743
2025-02-03,Montpellier,Rennes,0,4,1.2,1.2,1.6,1.6,1.0,1.0,0,0,60.0,1.0,3,0.0,0.42669192890482754,0.2766411408231413,0.2966669302720313,0.5108197807548239,0.4891802192451763
2025-02-05,Nice,Reims,1,0,1.6,1.8,1.4,1.0,1.4,1.4,0,0,3.0,3.0,5,0.6,0.4534674550260738,0.2919981880774923,0.25453435689643383,0.41092860267085457,0.5890713973291454
2025-03-01,Nice,Rennes,3,2,1.6,1.8,1.4,2.0,1.4,0.6,0,0,24.0,26.0,5,0.7,0.48823224902816764,0.2854028731709126,0.22636487780091955,0.4048498284636093,0.5951501715363906
2025-03-05,St Etienne,Monaco,1,3,0.6,1.0,2.2,3.0,2.6,1.0,0,0,61.0,62.0,1,1.0,0.11638720552409056,0.18497809272596308,0.6986347017499464,0.6169193399114914,0.38308066008850855
2025-03-05,Strasbourg,Paris SG,2,1,1.4,0.8,0.8,2.0,3.0,1.8,0,0,30.0,61.0,2,0.0,0.14940254082673488,0.20445669580623482,0.6461407633670304,0.6080264279590367,0.3919735720409633
2025-03-05,Toulouse,Rennes,2,1,2.0,2.2,0.8,2.0,1.8,0.8,0,0,30.0,4.0,3,0.6666666666666666,0.516135494468863,0.2645609202277358,0.219303585303401,0.4696673748316077,0.5303326251683922
2025-04-01,Lyon,Montpellier,1,0,2.4,1.6,1.0,0.6,0.8,2.2,0,0,57.0,57.0,2,1.0,0.6705852884082717,0.18240888079424292,0.14700583079748536,0.7005248453788625,0.29947515462113766
2025-04-01,St Etienne,Reims,3,1,0.0,0.6,2.6,0.8,1.0,1.2,0,0,27.0,55.0,3,0.0,0.2452110451778459,0.26365878024782025,0.49113017457433394,0.49528334224599296,0.5047166577540071
2025-04-01,Lille,Nantes,1,1,1.6,2.2,2.0,1.2,1.0,1.6,0,0,88.0,57.0,5,0.9,0.6182653712743702,0.22856271915856688,0.15317190956706297,0.5158106787144264,0.4841893212855737
2025-04-04,Nice,Nantes,1,2,2.0,2.0,1.4,1.4,1.2,1.4,0,0,34.0,3.0,5,0.7,0.5902087602964078,0.2535950756752496,0.15619616402834274,0.4289166015657219,0.571083398434278
2025-04-05,Brest,Montpellier,1,0,0.4,1.2,2.4,0.6,0.8,2.0,0,0,61.0,4.0,4,0.25,0.4053729627023832,0.2760126604608174,0.3186143768367995,0.48386980858177014,0.5161301914182298
2025-04-05,Lyon,Lens,1,2,2.4,1.6,1.0,1.4,2.2,2.0,0,1,4.0,90.0,5,0.4,0.4300737954726569,0.2621865130896388,0.30773969143770424,0.5359899467157478,0.46401005328425204
2025-04-05,Lille,Marseille,1,1,1.6,2.0,1.8,2.6,2.2,0.8,0,0,4.0,61.0,5,0.7,0.3610995262742633,0.26616144581608225,0.3727390279096544,0.5305517399193429,0.469448260080657
2025-04-05,Auxerre,Le Havre,1,2,0.8,1.2,1.8,0.8,1.0,1.8,0,0,61.0,62.0,1,0.0,0.35418088593521113,0.28843196353136985,0.3573871505334189,0.44094480311899514,0.5590551968810048
2025-04-05,Nantes,Angers,0,1,1.4,1.2,1.4,0.4,0.8,2.6,0,0,1.0,61.0,3,0.5,0.5262848314838062,0.27404088783635167,0.199674280679842,0.41488298845821436,0.5851170115417856
2025-05-01,Strasbourg,Auxerre,3,1,2.0,1.2,0.8,0.8,1.2,1.6,0,0,57.0,26.0,1,1.0,0.4936080131039178,0.2591734933801377,0.24721849351594438,0.49643968854705744,0.5035603114529423
2025-05-01,Angers,Brest,2,0,0.8,0.8,2.4,0.8,1.2,2.2,0,0,26.0,26.0,1,0.5,0.28562519562890565,0.30460376780801846,0.4097710365630758,0.3591884095854807,0.6408115904145193
2025-05-01,Lens,Toulouse,0,1,1.4,2.0,1.8,2.0,2.2,1.0,0,0,26.0,57.0,1,1.0,0.42980658082919854,0.2688889453811633,0.30130447378963804,0.490330893079694,0.5096691069203059
2025-05-01,Marseille,Le Havre,5,1,2.2,2.0,1.0,1.4,1.4,1.8,0,0,26.0,26.0,1,1.0,0.5750130589662774,0.25010799658719063,0.17487894444653196,0.4526506768134427,0.5473493231865573
2025-05-04,Brest,Monaco,2,1,0.8,1.0,2.0,3.0,2.6,1.0,0,0,3.0,60.0,3,0.3333333333333333,0.14619814676513823,0.2344817046804187,0.619320148554443,0.45203763909492145,0.5479623609050784
2025-05-04,Lyon,Lille,2,1,1.8,1.4,1.2,1.6,1.8,1.6,0,0,29.0,29.0,5,0.5,0.4628513243436278,0.24359110793705427,0.29355756771931807,0.5795197080759744,0.42048029192402564
2025-05-04,Paris SG,Angers,1,0,1.4,2.6,2.0,1.4,1.2,1.8,0,0,60.0,3.0,4,1.0,0.7993253224577652,0.12960903158752354,0.0710656459547113,0.7022594899443007,0.29774051005569935
2025-06-04,Reims,Strasbourg,0,1,0.6,1.0,1.6,2.4,1.6,0.8,0,0,64.0,34.0,5,0.6,0.43263051480161435,0.28287524814528947,0.2844942370530961,0.4123497921857952,0.5876502078142047
2025-06-04,Montpellier,Le Havre,0,2,0.0,0.2,2.0,1.4,1.6,2.2,0,0,60.0,34.0,1,0.0,0.42270236690788554,0.2546574097591205,0.3226402233329941,0.537303716557114,0.46269628344288616
2025-06-04,Marseille,Toulouse,3,2,2.6,2.8,1.0,2.6,2.2,0.6,0,0,34.0,34.0,1,1.0,0.44492501295611303,0.2682766233200504,0.28679836372383677,0.466848040806937,0.5331519591930631
2025-06-04,Lens,St Etienne,1,0,0.8,1.4,1.8,0.6,1.2,2.4,0,0,34.0,64.0,2,1.0,0.6749080035471104,0.18372612575110217,0.14136587070178733,0.6486038548901881,0.3513961451098119
2025-06-04,Rennes,Auxerre,0,1,1.4,1.8,1.2,0.6,1.4,2.2,1,0,90.0,34.0,3,0.5,0.5896298327873374,0.22120152312532673,0.18916864408733586,0.567726506160926,0.4322734938390739
2025-07-02,Paris SG,Monaco,4,1,1.8,2.4,1.6,2.4,2.6,1.4,0,0,59.0,59.0,4,0.5,0.4465178204728643,0.2289106833930608,0.3245714961340749,0.6180684817068063,0.38193151829319383
2025-07-02,Nantes,Brest,0,2,1.4,1.0,1.2,1.2,1.2,2.0,0,0,88.0,59.0,4,0.5,0.3771717323322328,0.3025895676810756,0.32023869998669163,0.32619905322092024,0.6738009467790799
2025-07-03,Toulouse,Monaco,1,1,2.0,2.0,1.0,1.8,2.2,1.8,0,0,29.0,1.0,4,0.25,0.3839248944465776,0.24519278944355605,0.37088231610986644,0.5514271492202142,0.4485728507797858
2025-08-02,St Etienne,Rennes,0,2,0.6,1.2,2.4,1.2,1.6,1.2,0,0,59.0,59.0,2,0.0,0.34504157258096774,0.2548302995382872,0.40012812788074503,0.5159509404844929,0.4840490595155072
2025-08-02,Nice,Lens,2,0,2.0,1.8,1.2,1.4,1.4,1.4,1,0,90.0,59.0,2,0.5,0.36238314121291754,0.2729208954042725,0.36469596338280985,0.4418823618461022,0.5581176381538978
2025-08-02,Lille,Le Havre,1,2,1.0,1.6,1.8,2.0,2.0,2.0,0,0,90.0,59.0,1,1.0,0.5636266578682162,0.2252857804893993,0.21108756164238432,0.5544570063675633,0.44554299363243655
2025-08-03,Rennes,Paris SG,1,4,1.2,1.8,1.2,2.4,3.0,1.2,0,0,1.0,32.0,5,0.3,0.20396325352353983,0.21577292981955734,0.5802638166569027,0.5881791101494054,0.41182088985059484
2025-08-03,Lille,Montpellier,1,0,0.4,1.0,2.0,0.0,0.0,2.0,0,0,1.0,60.0,4,0.875,0.6213220194572948,0.2019039924968526,0.1767739880458524,0.6098035562264175,0.39019644377358254
2025-08-03,Marseille,Lens,0,1,2.6,2.8,1.2,1.2,1.2,1.6,0,0,60.0,1.0,3,0.16666666666666666,0.4816633509756195,0.24855807209982198,0.2697785769245583,0.5111433950141011,0.48885660498589883
2025-09-02,Lyon,Reims,4,0,1.8,1.6,1.4,0.0,0.4,1.8,1,0,90.0,90.0,3,0.16666666666666666,0.5550645309240713,0.2323603137880666,0.21257515528786203,0.5006794461212812,0.49932055387871876
2025-09-02,Auxerre,Toulouse,2,2,0.6,1.0,2.0,2.0,2.0,1.0,0,0,90.0,61.0,2,0.0,0.19457431595591176,0.21967275769676745,0.5857529263473207,0.5315122123524048,0.46848778764759513
2025-09-02,Strasbourg,Montpellier,2,0,2.4,1.4,0.6,0.0,0.0,1.8,0,0,90.0,30.0,4,0.5,0.5075148884169738,0.24787638983520985,0.24460872174781662,0.46952403336484994,0.5304759666351502
2025-09-02,Angers,Marseille,0,2,1.4,0.8,1.2,2.0,2.2,1.0,1,0,90.0,30.0,3,0.16666666666666666,0.16761442161034792,0.22076954545782637,0.6116160329318256,0.4862845982217527,0.5137154017782474
2025-09-03,Nice,Lyon,0,2,2.0,1.6,1.0,2.4,2.0,0.8,0,0,32.0,1.0,5,0.5,0.3705533945536446,0.24722277022657596,0.38222383521977943,0.5329116609535965,0.4670883390464035
2025-09-03,Reims,Auxerre,0,2,0.0,0.4,2.2,0.8,1.0,1.6,0,0,1.0,1.0,1,0.5,0.4535219949757243,0.2527216885239524,0.29375631650032324,0.4875550387726272,0.5124449612273729
2025-09-03,Brest,Angers,2,0,1.8,1.2,1.0,1.2,0.6,1.4,0,0,63.0,1.0,2,0.25,0.4858648062685798,0.2875955633961445,0.22653963033527558,0.32986950303314794,0.6701304969668519
2025-09-03,Le Havre,St Etienne,1,1,2.0,1.6,1.6,0.6,1.0,2.0,0,0,32.0,32.0,0,,0.5695305787624956,0.2197430014488824,0.2107264197886221,0.5587163683826398,0.44128363161736034
2025-09-03,Nantes,Strasbourg,0,1,0.8,0.6,1.4,3.0,1.8,0.4,0,0,63.0,1.0,5,0.3,0.2901863853953333,0.2885488042540499,0.42126481035061686,0.35689584485059705,0.643104155149403
2025-10-01,Auxerre,Lille,0,0,1.4,1.4,1.4,1.0,1.0,1.2,0,0,28.0,59.0,1,0.0,0.29195742893003407,0.23505270709409606,0.4729898639758699,0.5690075961353652,0.43099240386463467
2025-10-01,Nantes,Monaco,2,2,0.8,0.6,1.2,1.4,2.0,2.0,0,0,28.0,90.0,4,0.375,0.16039521745519086,0.22151803113956284,0.6180867514052464,0.48010232095330496,0.519897679046695
2025-10-05,Brest,Lille,2,0,2.4,1.4,0.6,1.0,0.8,1.0,0,0,32.0,4.0,4,0.375,0.30513513702057893,0.28056073605176973,0.4143041269276512,0.40434724615474815,0.5956527538452516
2025-10-05,Le Havre,Marseille,1,3,2.0,1.6,1.6,2.0,2.2,1.0,0,0,32.0,33.0,2,0.0,0.22885701656357152,0.23386192640114553,0.5372810570352828,0.53750715728262,0.4624928427173798
2025-10-05,Auxerre,Nantes,1,1,1.6,1.2,1.0,0.8,0.8,1.4,0,0,4.0,4.0,1,0.0,0.4531726379777057,0.2775270579112444,0.2693003041110499,0.40038930254082866,0.5996106974591713
2025-10-05,Monaco,Lyon,2,0,1.0,1.6,2.0,2.4,2.0,0.6,0,0,4.0,32.0,4,0.5,0.39934965707005876,0.23393136520885774,0.3667189777210834,0.6178021427536651,0.3821978572463349
2025-10-05,Montpellier,Paris SG,1,4,0.0,0.0,1.4,2.4,2.8,1.0,0,0,33.0,63.0,5,0.0,0.10457971214468431,0.14872672507270565,0.7466935627826099,0.7000232943312498,0.2999767056687502
2025-10-05,Reims,St Etienne,0,2,0.0,0.2,2.2,0.8,1.0,1.6,0,0,32.0,32.0,4,0.75,0.4497560289544344,0.265600399925734,0.28464357111983174,0.45093370945502137,0.5490662905449788
2025-10-05,Angers,Strasbourg,2,1,1.2,0.6,1.0,3.0,1.8,0.4,0,0,32.0,32.0,3,0.6666666666666666,0.22178219540405258,0.2892530560181841,0.48896474857776334,0.33645221343352705,0.663547786566473
2025-10-05,Toulouse,Lens,1,1,1.6,1.6,1.4,1.8,0.8,0.8,0,0,33.0,63.0,2,0.5,0.3863903862705822,0.2725941700798127,0.3410154436496051,0.4414384480111633,0.5585615519888368
2025-10-05,Rennes,Nice,2,0,0.6,1.2,2.0,1.8,1.4,1.2,0,0,63.0,32.0,5,0.3,0.3125282517987775,0.2674685372755643,0.42000321092565834,0.45500820435827793,0.5449917956417223
2025-11-01,Brest,Lyon,2,1,2.4,1.6,0.6,1.8,1.8,1.0,0,0,27.0,27.0,3,0.3333333333333333,0.2604203372483055,0.26531534472176543,0.47426431802992897,0.4579011600131409,0.5420988399868589
2025-11-01,Reims,Nice,2,4,0.0,0.2,2.4,1.2,1.2,1.6,0,0,27.0,27.0,5,0.3,0.24362904595254625,0.27849895267247315,0.47787200137498076,0.400232999538043,0.5997670004619571
2025-11-01,Rennes,Marseille,1,2,1.2,1.2,1.4,2.4,2.6,1.0,0,0,27.0,27.0,4,0.0,0.24985577816430515,0.24627080365754367,0.5038734181781512,0.5255792136865588,0.47442078631344115
2025-11-04,Lens,Reims,0,2,1.4,0.6,0.8,0.0,0.4,2.6,0,0,30.0,3.0,5,0.8,0.6497710692443532,0.22046354374293597,0.12976538701271076,0.46404395263533343,0.5359560473646665
2025-12-01,Paris SG,St Etienne,2,1,2.4,2.8,1.0,1.4,1.2,1.0,0,0,57.0,57.0,1,0.5,0.8022628119640011,0.12205233589958563,0.07568485213641316,0.7549565220803269,0.2450434779196729
2025-12-01,Le Havre,Lens,1,2,1.4,1.4,2.0,1.4,0.6,1.0,0,0,57.0,27.0,2,0.75,0.2755246419237536,0.27337980221669256,0.4510955558595538,0.43726498226943294,0.562735017730567
2025-12-01,Montpellier,Angers,1,3,0.0,0.2,2.0,1.2,0.8,1.2,0,0,57.0,57.0,3,0.5,0.392755944461218,0.2882053906896144,0.31903866484916765,0.39999641192000585,0.6000035880799943
2025-12-01,Toulouse,Strasbourg,1,2,1.2,1.4,1.4,2.4,1.6,0.6,0,0,57.0,57.0,3,0.16666666666666666,0.5131812517489327,0.25771313503626886,0.2291056132147984,0.4624588945436028,0.5375411054563972
2025-12-04,Strasbourg,Nice,2,2,2.4,1.4,0.6,1.2,1.4,1.6,0,0,3.0,33.0,2,0.5,0.34488737919841916,0.273692724670474,0.38141989613110683,0.45659080612473263,0.5434091938752672
2025-12-04,Toulouse,Lille,1,2,0.6,1.4,1.8,0.8,0.6,1.2,0,0,3.0,60.0,2,0.25,0.4392121490626584,0.2623139201021106,0.2984739308352312,0.489605857831196,0.5103941421688041
2025-12-04,Monaco,Marseille,3,0,1.0,1.4,1.8,2.4,2.0,1.0,0,0,60.0,33.0,4,0.25,0.40171155596129193,0.245939880001804,0.35234856403690407,0.5774628310845301,0.4225371689154699
